ticket_id,Data,Motivo,Responsável,Status,Hora Início,Hora Fim,Tempo de Conclusão (TMA),SLA_fila,Assertividade,,,,,,,,,,,,,,,,,,,,,,,,,,,,,,,,,,,
#930269,1/1/2026,KYC/Reembolso,Lucas,Em espera,6:02,6:06,4,,,,,,,,,,,,,,,,,,,,,,,,,,,,,,,,,,,Aberto,,KYC/Reembolso
,,,,,,,,,,,,,,,,,,,,,,,,,,,,,,,,,,,,,,,,,,,,
#937163,1/2/2026,Bloqueio/Fraude/Kyc,Lucas,Aberto,21:23,22:17,54,,,,,,,,,,,,,,,,,,,,,,,,,,,,,,,,,,,Pendente,,Campanhas/CRM
#937180,1/2/2026,Bloqueio/Fraude/Kyc,Lucas,Aberto,22:19,22:22,3,,,,,,,,,,,,,,,,,,,,,,,,,,,,,,,,,,,,,Missão
#937412,1/2/2026,Bloqueio/Fraude/Kyc,Lucas,Aberto,22:46,22:48,2,,,,,,,,,,,,,,,,,,,,,,,,,,,,,,,,,,,Resolvido,,Erro Plataforma
#937331,1/2/2026,"Financeiro (Depósito, saque e Devolução)",Lucas,Aberto,22:51,22:54,3,,,,,,,,,,,,,,,,,,,,,,,,,,,,,,,,,,,Em espera,,Giros
,,,,,,,,,,,,,,,,,,,,,,,,,,,,,,,,,,,,,,,,,,,,Indique e ganhe
#937674,1/3/2026,Giros,Bárbara,Em espera,1:42,1:43,1,,,,,,,,,,,,,,,,,,,,,,,,,,,,,,,,,,,,,PVE
#937685,1/3/2026,Giros,Bárbara,Em espera,1:52,1:53,1,,,,,,,,,,,,,,,,,,,,,,,,,,,,,,,,,,,,,Erro KYC
#937770,1/3/2026,Giros,Bárbara,Em espera,2:00,2:01,1,,,,,,,,,,,,,,,,,,,,,,,,,,,,,,,,,,,,,Auto Exclusão
#937787,1/3/2026,Indique e ganhe,Bárbara,Aberto,2:14,2:23,9,,,,,,,,,,,,,,,,,,,,,,,,,,,,,,,,,,,,,
#938252,1/3/2026,Bloqueio/Fraude/Kyc,Bárbara,Aberto,2:32,2:41,9,,,,,,,,,,,,,,,,,,,,,,,,,,,,,,,,,,,,,
#937958,1/3/2026,Bloqueio/Fraude,Bárbara,Aberto,2:50,2:52,2,,,,,,,,,,,,,,,,,,,,,,,,,,,,,,,,,,,,,
#937696,1/3/2026,KYC/Reembolso,Bárbara,Aberto,2:48,2:54,6,,,,,,,,,,,,,,,,,,,,,,,,,,,,,,,,,,,,,
#938342,1/3/2026,"Financeiro (Depósito, saque e Devolução)",Bárbara,Aberto,3:07,3:10,3,,,,,,,,,,,,,,,,,,,,,,,,,,,,,,,,,,,,,Cashback
#938403,1/3/2026,Cassino,Bárbara,Aberto,4:42,4:47,5,,,,,,,,,,,,,,,,,,,,,,,,,,,,,,,,,,,,,Cassino
#938548,1/3/2026,Giros,Bárbara,Em espera,5:25,5:26,1,,,,,,,,,,,,,,,,,,,,,,,,,,,,,,,,,,,,,"Financeiro (Depósito, saque e Devolução)"
#938556,1/3/2026,Bloqueio/Fraude/Kyc,Bárbara,Aberto,5:28,5:32,4,,,,,,,,,,,,,,,,,,,,,,,,,,,,,,,,,,,,,Reembolso
#938552,1/3/2026,Giros,Bárbara,Em espera,5:37,5:38,1,,,,,,,,,,,,,,,,,,,,,,,,,,,,,,,,,,,,,Bloqueio/Ludopatia
#929178,1/3/2026,Giros,Bárbara,Aberto,5:40,5:42,2,,,,,,,,,,,,,,,,,,,,,,,,,,,,,,,,,,,,,Bloqueio/Fraude
#938614,1/3/2026,Giros,Bárbara,Aberto,6:17,6:19,2,,,,,,,,,,,,,,,,,,,,,,,,,,,,,,,,,,,,,Aposta esportiva
#938613,1/3/2026,Campanhas/CRM,Bárbara,Aberto,6:20,6:36,16,,,,,,,,,,,,,,,,,,,,,,,,,,,,,,,,,,,,,Bloqueio/Fraude/Kyc
#938654,1/3/2026,Giros,Bárbara,Em espera,,,,,,,,,,,,,,,,,,,,,,,,,,,,,,,,,,,,,,,,Troca de E-mail
,,,,,,,,,,,,,,,,,,,,,,,,,,,,,,,,,,,,,,,,,,,,Outros
#943603,1/4/2026,Aposta esportiva,Bárbara,Aberto,20:07,20:10,3,,,,,,,,,,,,,,,,,,,,,,,,,,,,,,,,,,,,,
#943767,1/4/2026,Troca de E-mail,Bárbara,Aberto,20:12,20:17,5,,,,,,,,,,,,,,,,,,,,,,,,,,,,,,,,,,,,,
#944004,1/4/2026,"Financeiro (Depósito, saque e Devolução)",Bárbara,Aberto,21:36,21:50,,,,,,,,,,,,,,,,,,,,,,,,,,,,,,,,,,,,,,
#944017,1/4/2026,"Financeiro (Depósito, saque e Devolução)",Bárbara,Aberto,22:38,22:40,2,,,,,,,,,,,,,,,,,,,,,,,,,,,,,,,,,,,,,
,,,,,,,,,,,,,,,,,,,,,,,,,,,,,,,,,,,,,,,,,,,,
#944295,1/5/2026,Troca de E-mail,Bárbara,Aberto,0:19,0:27,8,,,,,,,,,,,,,,,,,,,,,,,,,,,,,,,,,,,,,
#944256,1/5/2026,"Financeiro (Depósito, saque e Devolução)",Bárbara,Aberto,0:54,1:00,6,,,,,,,,,,,,,,,,,,,,,,,,,,,,,,,,,,,,,
,,,,,,,,,,,,,,,,,,,,,,,,,,,,,,,,,,,,,,,,,,,,
#944120,1/5/2026,Giros,Lucas,Aberto,1:10,,,,,,,,,,,,,,,,,,,,,,,,,,,,,,,,,,,,,,,
#944171,1/5/2026,Cashback,Lucas,Aberto,1:24,1:30,6,,,,,,,,,,,,,,,,,,,,,,,,,,,,,,,,,,,,,
#944336,1/5/2026,Cashback,Lucas,Aberto,2:02,2:04,2,,,,,,,,,,,,,,,,,,,,,,,,,,,,,,,,,,,,,
#944387,1/5/2026,KYC/Reembolso,Lucas,Aberto,2:06,2:11,5,,,,,,,,,,,,,,,,,,,,,,,,,,,,,,,,,,,,,
#944471,1/5/2026,KYC/Reembolso,Lucas,Aberto,2:12,2:16,4,,,,,,,,,,,,,,,,,,,,,,,,,,,,,,,,,,,,,
#944669,1/5/2026,KYC/Reembolso,Lucas,Aberto,2:48,3:03,,,,,,,,,,,,,,,,,,,,,,,,,,,,,,,,,,,,,,
#944268,1/5/2026,Missão,Lucas,Aberto,3:08,,,,,,,,,,,,,,,,,,,,,,,,,,,,,,,,,,,,,,,
#944603,1/5/2026,Missão,Lucas,Aberto,4:07,4:09,2,,,,,,,,,,,,,,,,,,,,,,,,,,,,,,,,,,,,,
#944746,1/5/2026,Campanhas/CRM,Lucas,Aberto,5:07,5:15,,,,,,,,,,,,,,,,,,,,,,,,,,,,,,,,,,,,,,
#944761,1/5/2026,Campanhas/CRM,Lucas,Aberto,6:05,6:07,2,,,,,,,,,,,,,,,,,,,,,,,,,,,,,,,,,,,,,
#944762,1/5/2026,Campanhas/CRM,Lucas,Aberto,6:10,,,,,,,,,,,,,,,,,,,,,,,,,,,,,,,,,,,,,,,
#944770,1/5/2026,KYC/Reembolso,Lucas,Aberto,6:12,,,,,,,,,,,,,,,,,,,,,,,,,,,,,,,,,,,,,,,
,,,,,,,,,,,,,,,,,,,,,,,,,,,,,,,,,,,,,,,,,,,,
#950070,1/6/2026,KYC/Reembolso,Lucas,Aberto,19:41,19:48,7,,,,,,,,,,,,,,,,,,,,,,,,,,,,,,,,,,,,,
#950085,1/6/2026,Indique e ganhe,Lucas,Aberto,19:54,19:56,2,,,,,,,,,,,,,,,,,,,,,,,,,,,,,,,,,,,,,
#950173,1/6/2026,Giros,Lucas,Aberto,20:47,20:53,,,,,,,,,,,,,,,,,,,,,,,,,,,,,,,,,,,,,,
#950289,1/6/2026,Bloqueio/Fraude,Lucas,Aberto,21:25,21:26,1,,,,,,,,,,,,,,,,,,,,,,,,,,,,,,,,,,,,,
#950526,1/6/2026,KYC/Reembolso,Lucas,Aberto,21:01,21:31,30,,,,,,,,,,,,,,,,,,,,,,,,,,,,,,,,,,,,,
#950387,1/6/2026,KYC/Reembolso,Lucas,Aberto,21:32,21:54,22,,,,,,,,,,,,,,,,,,,,,,,,,,,,,,,,,,,,,
#950533,1/6/2026,KYC/Reembolso,Lucas,Aberto,21:40,21:45,5,,,,,,,,,,,,,,,,,,,,,,,,,,,,,,,,,,,,,
#950747,1/6/2026,KYC/Reembolso,Lucas,Aberto,22:01,22:09,8,,,,,,,,,,,,,,,,,,,,,,,,,,,,,,,,,,,,,
#950707,1/6/2026,KYC/Reembolso,Lucas,Aberto,22:11,22:21,10,,,,,,,,,,,,,,,,,,,,,,,,,,,,,,,,,,,,,
#950653,1/6/2026,KYC/Reembolso,Lucas,Aberto,22:28,22:35,7,,,,,,,,,,,,,,,,,,,,,,,,,,,,,,,,,,,,,
#949995,1/6/2026,Giros,Lucas,Aberto,22:38,22:52,14,,,,,,,,,,,,,,,,,,,,,,,,,,,,,,,,,,,,,
,,,,,,,,,,,,,,,,,,,,,,,,,,,,,,,,,,,,,,,,,,,,
#951101,1/7/2026,Giros,Bárbara,Aberto,2:03,2:32,29,,,,,,,,,,,,,,,,,,,,,,,,,,,,,,,,,,,,,
#951203,1/7/2026,KYC/Reembolso,Bárbara,Aberto,2:35,2:39,4,,,,,,,,,,,,,,,,,,,,,,,,,,,,,,,,,,,,,
#951122,1/7/2026,KYC/Reembolso,Bárbara,Aberto,2:42,2:46,4,,,,,,,,,,,,,,,,,,,,,,,,,,,,,,,,,,,,,
#951267,1/7/2026,Giros,Bárbara,Aberto,2:53,3:01,8,,,,,,,,,,,,,,,,,,,,,,,,,,,,,,,,,,,,,
#951275,1/7/2026,Giros,Bárbara,Aberto,3:02,3:04,2,,,,,,,,,,,,,,,,,,,,,,,,,,,,,,,,,,,,,
#952012,1/7/2026,KYC/Reembolso,Bárbara,Aberto,3:06,3:10,4,,,,,,,,,,,,,,,,,,,,,,,,,,,,,,,,,,,,,
#951677,1/7/2026,KYC/Reembolso,Lucas,Aberto,3:07,3:08,1,,,,,,,,,,,,,,,,,,,,,,,,,,,,,,,,,,,,,
#950447,1/7/2026,Cassino,Lucas,Aberto,3:14,3:17,3,,,,,,,,,,,,,,,,,,,,,,,,,,,,,,,,,,,,,
#951968,1/7/2026,KYC/Reembolso,Bárbara,Em espera,3:15,3:16,1,,,,,,,,,,,,,,,,,,,,,,,,,,,,,,,,,,,,,
#952194,1/7/2026,Giros,Lucas,Aberto,4:34,4:36,2,,,,,,,,,,,,,,,,,,,,,,,,,,,,,,,,,,,,,
#952160,1/7/2026,Giros,Bárbara,Aberto,5:52,6:02,,,,,,,,,,,,,,,,,,,,,,,,,,,,,,,,,,,,,,
#952242,1/7/2026,Aposta esportiva,Bárbara,Aberto,6:52,6:54,2,,,,,,,,,,,,,,,,,,,,,,,,,,,,,,,,,,,,,
#952292,1/7/2026,Giros,Bárbara,Aberto,6:23,6:26,3,,,,,,,,,,,,,,,,,,,,,,,,,,,,,,,,,,,,,
,,,,,,,,,,,,,,,,,,,,,,,,,,,,,,,,,,,,,,,,,,,,
#961993,1/8/2026,KYC/Reembolso,Bárbara,Aberto,19:38,19:44,6,,,,,,,,,,,,,,,,,,,,,,,,,,,,,,,,,,,,,
,,,,,,,,,,,,,,,,,,,,,,,,,,,,,,,,,,,,,,,,,,,,
#963654,1/9/2026,"Financeiro (Depósito, saque e Devolução)",Lucas,Aberto,2:26,3:11,45,,,,,,,,,,,,,,,,,,,,,,,,,,,,,,,,,,,,,
#963626,1/9/2026,Bloqueio/Fraude,Bárbara,Em espera,2:45,2:46,1,,,,,,,,,,,,,,,,,,,,,,,,,,,,,,,,,,,,,
#963500,1/9/2026,Bloqueio/Fraude,Bárbara,Em espera,2:46,2:47,1,,,,,,,,,,,,,,,,,,,,,,,,,,,,,,,,,,,,,
#962630,1/9/2026,KYC/Reembolso,Bárbara,Aberto,2:25,2:49,24,,,,,,,,,,,,,,,,,,,,,,,,,,,,,,,,,,,,,
#962678,1/9/2026,KYC/Reembolso,Bárbara,Aberto,3:09,3:11,2,,,,,,,,,,,,,,,,,,,,,,,,,,,,,,,,,,,,,
#962578,1/9/2026,KYC/Reembolso,Lucas,Aberto,3:07,3:22,15,,,,,,,,,,,,,,,,,,,,,,,,,,,,,,,,,,,,,
#962483,1/9/2026,KYC/Reembolso,Lucas,Aberto,3:12,3:15,3,,,,,,,,,,,,,,,,,,,,,,,,,,,,,,,,,,,,,
#964251,1/9/2026,Indique e ganhe,Lucas,Aberto,3:24,3:51,27,,,,,,,,,,,,,,,,,,,,,,,,,,,,,,,,,,,,,
#962392,1/9/2026,KYC/Reembolso,Lucas,Aberto,3:36,3:45,0:00,,,,,,,,,,,,,,,,,,,,,,,,,,,,,,,,,,,,,
#965175,1/9/2026,PVE,Lucas,Aberto,4:13,5:50,97,,,,,,,,,,,,,,,,,,,,,,,,,,,,,,,,,,,,,
#961845,1/9/2026,Cashback,Lucas,Em espera,3:57,4:07,10,,,,,,,,,,,,,,,,,,,,,,,,,,,,,,,,,,,,,
#961814,1/9/2026,Cashback,Lucas,Em espera,4:22,4:26,4,,,,,,,,,,,,,,,,,,,,,,,,,,,,,,,,,,,,,
#961327,1/9/2026,Erro Plataforma,Lucas,Aberto,4:29,4:39,10,,,,,,,,,,,,,,,,,,,,,,,,,,,,,,,,,,,,,
#961269,1/9/2026,Cashback,Lucas,Em espera,4:42,4:44,2,,,,,,,,,,,,,,,,,,,,,,,,,,,,,,,,,,,,,
#961248,1/9/2026,Cashback,Lucas,Aberto,4:45,5:26,41,,,,,,,,,,,,,,,,,,,,,,,,,,,,,,,,,,,,,
#961150,1/9/2026,Troca de E-mail,Lucas,Aberto,5:27,5:38,11,,,,,,,,,,,,,,,,,,,,,,,,,,,,,,,,,,,,,
#965188,1/9/2026,Bloqueio/Fraude,Bárbara,Aberto,5:44,5:50,6,,,,,,,,,,,,,,,,,,,,,,,,,,,,,,,,,,,,,
#963765,1/9/2026,PVE,Lucas,Aberto,5:52,5:53,1,,,,,,,,,,,,,,,,,,,,,,,,,,,,,,,,,,,,,
,,,,,,,,,,,,,,,,,,,,,,,,,,,,,,,,,,,,,,,,,,,,
#976466,1/10/2026,KYC/Reembolso,Lucas,Aberto,19:44,19:49,,,,,,,,,,,,,,,,,,,,,,,,,,,,,,,,,,,,,,
#976146,1/10/2026,Cashback,Lucas,Em espera,19:50,19:55,5,,,,,,,,,,,,,,,,,,,,,,,,,,,,,,,,,,,,,
#976799,1/10/2026,Bloqueio/Fraude/Kyc,Lucas,Aberto,20:01,20:04,3,,,,,,,,,,,,,,,,,,,,,,,,,,,,,,,,,,,,,
#976316,1/10/2026,KYC/Reembolso,Lucas,Aberto,20:22,20:25,3,,,,,,,,,,,,,,,,,,,,,,,,,,,,,,,,,,,,,
#974960,1/10/2026,PVE,Lucas,Aberto,21:16,21:20,4,,,,,,,,,,,,,,,,,,,,,,,,,,,,,,,,,,,,,
#976942,1/10/2026,Cashback,Lucas,Em espera,21:42,21:46,4,,,,,,,,,,,,,,,,,,,,,,,,,,,,,,,,,,,,,
#977033,1/10/2026,Cashback,Lucas,Aberto,21:59,22:03,4,,,,,,,,,,,,,,,,,,,,,,,,,,,,,,,,,,,,,
#977286,1/10/2026,"Financeiro (Depósito, saque e Devolução)",Lucas,Aberto,22:06,22:14,8,,,,,,,,,,,,,,,,,,,,,,,,,,,,,,,,,,,,,
#976888,1/10/2026,Cashback,Lucas,Em espera,22:16,22:17,1,,,,,,,,,,,,,,,,,,,,,,,,,,,,,,,,,,,,,
#977309,1/10/2026,Cashback,Lucas,Em espera,23:17,23:22,5,,,,,,,,,,,,,,,,,,,,,,,,,,,,,,,,,,,,,
#977497,1/11/2026,KYC/Reembolso,Lucas,Aberto,0:01,0:04,3,,,,,,,,,,,,,,,,,,,,,,,,,,,,,,,,,,,,,
,,,,,,,,,,,,,,,,,,,,,,,,,,,,,,,,,,,,,,,,,,,,
#978511,1/11/2026,KYC/Reembolso,Bárbara,Aberto,3:04,3:14,10,,,,,,,,,,,,,,,,,,,,,,,,,,,,,,,,,,,,,
#978215,1/11/2026,Campanhas/CRM,Bárbara,Aberto,3:53,3:55,2,,,,,,,,,,,,,,,,,,,,,,,,,,,,,,,,,,,,,
#978801,1/11/2026,KYC/Reembolso,Bárbara,Aberto,5:37,5:39,2,,,,,,,,,,,,,,,,,,,,,,,,,,,,,,,,,,,,,
#978823,1/11/2026,"Financeiro (Depósito, saque e Devolução)",Bárbara,Aberto,5:55,6:14,19,,,,,,,,,,,,,,,,,,,,,,,,,,,,,,,,,,,,,
#978839,1/11/2026,Campanhas/CRM,Bárbara,Aberto,6:45,6:55,10,,,,,,,,,,,,,,,,,,,,,,,,,,,,,,,,,,,,,
,,,,,,,,,,,,,,,,,,,,,,,,,,,,,,,,,,,,,,,,,,,,
#968008,1/12/2026,Campanhas/CRM,Bárbara,Em espera,19:27,19:28,,,,,,,,,,,,,,,,,,,,,,,,,,,,,,,,,,,,,,
#969481,1/12/2026,Campanhas/CRM,Bárbara,Em espera,19:43,19:44,1,,,,,,,,,,,,,,,,,,,,,,,,,,,,,,,,,,,,,
#983829,1/12/2026,Campanhas/CRM,Bárbara,Aberto,19:56,19:58,2,,,,,,,,,,,,,,,,,,,,,,,,,,,,,,,,,,,,,
#984529,1/12/2026,Campanhas/CRM,Bárbara,Aberto,20:07,20:12,5,,,,,,,,,,,,,,,,,,,,,,,,,,,,,,,,,,,,,
#984965,1/12/2026,Campanhas/CRM,Bárbara,Aberto,20:40,20:42,2,,,,,,,,,,,,,,,,,,,,,,,,,,,,,,,,,,,,,
#986681,1/12/2026,"Financeiro (Depósito, saque e Devolução)",Bárbara,Aberto,20:52,20:55,3,,,,,,,,,,,,,,,,,,,,,,,,,,,,,,,,,,,,,
#986504,1/12/2026,Troca de E-mail,Bárbara,Aberto,20:55,20:59,4,,,,,,,,,,,,,,,,,,,,,,,,,,,,,,,,,,,,,
#986482,1/12/2026,KYC/Reembolso,Bárbara,Aberto,21:11,21:14,3,,,,,,,,,,,,,,,,,,,,,,,,,,,,,,,,,,,,,
#986247,1/12/2026,Bloqueio/Fraude/Kyc,Bárbara,Em espera,21:28,21:29,1,,,,,,,,,,,,,,,,,,,,,,,,,,,,,,,,,,,,,
#986239,1/12/2026,Bloqueio/Fraude/Kyc,Bárbara,Em espera,21:37,21:38,1,,,,,,,,,,,,,,,,,,,,,,,,,,,,,,,,,,,,,
#985502,1/12/2026,KYC/Reembolso,Bárbara,Aberto,21:43,21:48,,,,,,,,,,,,,,,,,,,,,,,,,,,,,,,,,,,,,,
#970324,1/12/2026,"Financeiro (Depósito, saque e Devolução)",Bárbara,Aberto,21:55,21:58,3,,,,,,,,,,,,,,,,,,,,,,,,,,,,,,,,,,,,,
#968277,1/12/2026,Aposta esportiva,Bárbara,Aberto,22:03,22:08,5,,,,,,,,,,,,,,,,,,,,,,,,,,,,,,,,,,,,,
#985631,1/12/2026,Giros,Bárbara,Aberto,22:11,22:13,2,,,,,,,,,,,,,,,,,,,,,,,,,,,,,,,,,,,,,
#958830,1/12/2026,,,,,,,,,,,,,,,,,,,,,,,,,,,,,,,,,,,,,,,,,,,
#986977,1/12/2026,Giros,Bárbara,Aberto,22:36,22:41,5,,,,,,,,,,,,,,,,,,,,,,,,,,,,,,,,,,,,,
,,,,,,,,,,,,,,,,,,,,,,,,,,,,,,,,,,,,,,,,,,,,
#986656,1/13/2026,Cashback,Lucas,Em espera,1:21,1:23,2,,,,,,,,,,,,,,,,,,,,,,,,,,,,,,,,,,,,,
#987260,1/13/2026,Troca de E-mail,Lucas,Aberto,1:24,1:26,2,,,,,,,,,,,,,,,,,,,,,,,,,,,,,,,,,,,,,
#987350,1/13/2026,Cashback,Lucas,Aberto,1:30,1:31,1,,,,,,,,,,,,,,,,,,,,,,,,,,,,,,,,,,,,,
#987447,1/13/2026,Giros,Lucas,Aberto,1:31,1:33,2,,,,,,,,,,,,,,,,,,,,,,,,,,,,,,,,,,,,,
#987971,1/13/2026,Bloqueio/Fraude,Lucas,Aberto,2:32,2:35,3,,,,,,,,,,,,,,,,,,,,,,,,,,,,,,,,,,,,,
#987862,1/13/2026,KYC/Reembolso,Lucas,Aberto,3:59,4:01,2,,,,,,,,,,,,,,,,,,,,,,,,,,,,,,,,,,,,,
#988087,1/13/2026,Cashback,Lucas,Aberto,4:32,4:36,4,,,,,,,,,,,,,,,,,,,,,,,,,,,,,,,,,,,,,
#988180,1/13/2026,KYC/Reembolso,Lucas,Aberto,5:22,5:24,2,,,,,,,,,,,,,,,,,,,,,,,,,,,,,,,,,,,,,
#988083,1/13/2026,Cashback,Lucas,Aberto,5:29,5:34,5,,,,,,,,,,,,,,,,,,,,,,,,,,,,,,,,,,,,,
#988178,1/13/2026,Indique e ganhe,Lucas,Aberto,5:39,5:49,10,,,,,,,,,,,,,,,,,,,,,,,,,,,,,,,,,,,,,
#988221,1/13/2026,Cashback,Lucas,Em espera,6:24,6:47,23,,,,,,,,,,,,,,,,,,,,,,,,,,,,,,,,,,,,,
,,,,,,,,,,,,,,,,,,,,,,,,,,,,,,,,,,,,,,,,,,,,
#995767,1/14/2026,KYC/Reembolso,Lucas,Em espera,19:43,19:44,1,,,,,,,,,,,,,,,,,,,,,,,,,,,,,,,,,,,,,
#995435,1/14/2026,Bloqueio/Fraude,Lucas,Aberto,19:47,19:49,2,,,,,,,,,,,,,,,,,,,,,,,,,,,,,,,,,,,,,
#995918,1/14/2026,KYC/Reembolso,Lucas,Aberto,20:14,20:15,1,,,,,,,,,,,,,,,,,,,,,,,,,,,,,,,,,,,,,
#995667,1/14/2026,KYC/Reembolso,Lucas,Em espera,20:35,20:36,1,,,,,,,,,,,,,,,,,,,,,,,,,,,,,,,,,,,,,
#995411,1/14/2026,KYC/Reembolso,Lucas,Em espera,20:51,20:52,1,,,,,,,,,,,,,,,,,,,,,,,,,,,,,,,,,,,,,
#996120,1/14/2026,KYC/Reembolso,Lucas,Em espera,20:53,20:56,3,,,,,,,,,,,,,,,,,,,,,,,,,,,,,,,,,,,,,
#996118,1/14/2026,KYC/Reembolso,Lucas,Em espera,20:57,20:59,2,,,,,,,,,,,,,,,,,,,,,,,,,,,,,,,,,,,,,
#995997,1/14/2026,KYC/Reembolso,Lucas,Em espera,21:03,21:06,3,,,,,,,,,,,,,,,,,,,,,,,,,,,,,,,,,,,,,
#995397,1/14/2026,KYC/Reembolso,Lucas,Em espera,21:11,21:12,1,,,,,,,,,,,,,,,,,,,,,,,,,,,,,,,,,,,,,
#995361,1/14/2026,Troca de E-mail,Lucas,Aberto,21:16,21:18,2,,,,,,,,,,,,,,,,,,,,,,,,,,,,,,,,,,,,,
#994870,1/14/2026,KYC/Reembolso,Lucas,Em espera,21:23,21:25,2,,,,,,,,,,,,,,,,,,,,,,,,,,,,,,,,,,,,,
#994777,1/14/2026,KYC/Reembolso,Lucas,Em espera,21:28,21:32,4,,,,,,,,,,,,,,,,,,,,,,,,,,,,,,,,,,,,,
#994681,1/14/2026,KYC/Reembolso,Lucas,Em espera,21:49,21:51,2,,,,,,,,,,,,,,,,,,,,,,,,,,,,,,,,,,,,,
#993894,1/14/2026,KYC/Reembolso,Lucas,Em espera,21:59,22:00,1,,,,,,,,,,,,,,,,,,,,,,,,,,,,,,,,,,,,,
#993842,1/14/2026,Troca de E-mail,Lucas,Aberto,22:06,22:07,1,,,,,,,,,,,,,,,,,,,,,,,,,,,,,,,,,,,,,
#996363,1/14/2026,Troca de E-mail,Lucas,Em espera,22:27,22:31,4,,,,,,,,,,,,,,,,,,,,,,,,,,,,,,,,,,,,,
#995810,1/14/2026,Bloqueio/Fraude/Kyc,Lucas,Aberto,22:34,22:35,1,,,,,,,,,,,,,,,,,,,,,,,,,,,,,,,,,,,,,
#995567,1/14/2026,Campanhas/CRM,Lucas,Aberto,22:40,22:47,7,,,,,,,,,,,,,,,,,,,,,,,,,,,,,,,,,,,,,
#994348,1/14/2026,KYC/Reembolso,Lucas,Em espera,22:51,22:56,5,,,,,,,,,,,,,,,,,,,,,,,,,,,,,,,,,,,,,
#996364,1/14/2026,Giros,Lucas,Aberto,23:20,23:32,12,,,,,,,,,,,,,,,,,,,,,,,,,,,,,,,,,,,,,
#996618,1/14/2026,KYC/Reembolso,Lucas,Aberto,23:33,23:40,7,,,,,,,,,,,,,,,,,,,,,,,,,,,,,,,,,,,,,
#996747,1/14/2026,KYC/Reembolso,Lucas,Aberto,23:56,0:01,5,,,,,,,,,,,,,,,,,,,,,,,,,,,,,,,,,,,,,
#995583,1/14/2026,Cashback,Lucas,Aberto,1:28,2:06,38,,,,,,,,,,,,,,,,,,,,,,,,,,,,,,,,,,,,,
#996761,1/14/2026,Cashback,Lucas,Aberto,2:17,2:18,1,,,,,,,,,,,,,,,,,,,,,,,,,,,,,,,,,,,,,
#995042,1/14/2026,Giros,Lucas,Aberto,2:27,2:29,2,,,,,,,,,,,,,,,,,,,,,,,,,,,,,,,,,,,,,
#994840,1/14/2026,Bloqueio/Fraude,Lucas,Aberto,2:31,2:33,2,,,,,,,,,,,,,,,,,,,,,,,,,,,,,,,,,,,,,
#994817,1/14/2026,KYC/Reembolso,Lucas,Em espera,3:06,3:08,2,,,,,,,,,,,,,,,,,,,,,,,,,,,,,,,,,,,,,
#994444,1/15/2026,Cashback,Lucas,Aberto,3:15,3:19,4,,,,,,,,,,,,,,,,,,,,,,,,,,,,,,,,,,,,,
#997366,1/15/2026,KYC/Reembolso,Lucas,Aberto,3:21,3:24,3,,,,,,,,,,,,,,,,,,,,,,,,,,,,,,,,,,,,,
#994383,1/15/2026,Bloqueio/Fraude,Lucas,Aberto,3:27,3:32,5,,,,,,,,,,,,,,,,,,,,,,,,,,,,,,,,,,,,,
#994349,1/15/2026,Cashback,Lucas,Aberto,3:43,3:45,2,,,,,,,,,,,,,,,,,,,,,,,,,,,,,,,,,,,,,
#997323,1/15/2026,KYC/Reembolso,Lucas,Aberto,3:55,3:56,1,,,,,,,,,,,,,,,,,,,,,,,,,,,,,,,,,,,,,
#995410,1/15/2026,Cashback,Lucas,Em espera,4:08,4:09,1,,,,,,,,,,,,,,,,,,,,,,,,,,,,,,,,,,,,,
#990742,1/15/2026,Cashback,Lucas,Em espera,4:25,4:28,3,,,,,,,,,,,,,,,,,,,,,,,,,,,,,,,,,,,,,
#994046,1/15/2026,Cashback,Lucas,Em espera,4:43,4:44,1,,,,,,,,,,,,,,,,,,,,,,,,,,,,,,,,,,,,,
#994048,1/15/2026,Cashback,Lucas,Em espera,4:48,4:50,2,,,,,,,,,,,,,,,,,,,,,,,,,,,,,,,,,,,,,
#995286,1/15/2026,Cashback,Lucas,Em espera,4:59,5:00,1,,,,,,,,,,,,,,,,,,,,,,,,,,,,,,,,,,,,,
#995077,1/15/2026,Cashback,Lucas,Em espera,5:05,5:06,1,,,,,,,,,,,,,,,,,,,,,,,,,,,,,,,,,,,,,
#994896,1/15/2026,Erro Plataforma,Lucas,Em espera,5:12,6:27,75,,,,,,,,,,,,,,,,,,,,,,,,,,,,,,,,,,,,,
#994000,1/15/2026,Cashback,Lucas,Em espera,5:29,5:30,1,,,,,,,,,,,,,,,,,,,,,,,,,,,,,,,,,,,,,
#995211,1/15/2026,"Financeiro (Depósito, saque e Devolução)",Lucas,Aberto,5:49,5:52,3,,,,,,,,,,,,,,,,,,,,,,,,,,,,,,,,,,,,,
,,,,,,,,,,,,,,,,,,,,,,,,,,,,,,,,,,,,,,,,,,,,
#852569,1/15/2026,Cashback,Bárbara,Em espera,1:14,1:15,1,,,,,,,,,,,,,,,,,,,,,,,,,,,,,,,,,,,,,
#983905,1/15/2026,Cashback,Bárbara,Aberto,3:34,3:38,4,,,,,,,,,,,,,,,,,,,,,,,,,,,,,,,,,,,,,
#984574,1/15/2026,Cashback,Bárbara,Aberto,3:57,4:00,3,,,,,,,,,,,,,,,,,,,,,,,,,,,,,,,,,,,,,
#996879,1/15/2026,Giros,Bárbara,Aberto,3:57,4:00,3,,,,,,,,,,,,,,,,,,,,,,,,,,,,,,,,,,,,,
#989576,1/15/2026,Cashback,Bárbara,Aberto,4:16,4:17,1,,,,,,,,,,,,,,,,,,,,,,,,,,,,,,,,,,,,,
#990514,1/15/2026,Cashback,Bárbara,Aberto,,,,,,,,,,,,,,,,,,,,,,,,,,,,,,,,,,,,,,,,
#995492,1/15/2026,Cashback,Bárbara,Aberto,4:59,,,,,,,,,,,,,,,,,,,,,,,,,,,,,,,,,,,,,,,
#/997466,1/15/2026,Troca de E-mail,Bárbara,Aberto,5:03,5:13,10,,,,,,,,,,,,,,,,,,,,,,,,,,,,,,,,,,,,,
#994227,1/15/2026,Cashback,Bárbara,Aberto,5:18,5:19,1,,,,,,,,,,,,,,,,,,,,,,,,,,,,,,,,,,,,,
#990765,1/15/2026,Cashback,Bárbara,Aberto,5:43,5:48,5,,,,,,,,,,,,,,,,,,,,,,,,,,,,,,,,,,,,,
#989480,1/15/2026,Cashback,Bárbara,Aberto,6:14,6:19,5,,,,,,,,,,,,,,,,,,,,,,,,,,,,,,,,,,,,,
#989494,1/15/2026,Indique e ganhe,Bárbara,Aberto,6:27,6:28,1,,,,,,,,,,,,,,,,,,,,,,,,,,,,,,,,,,,,,
#989822,1/15/2026,Auto Exclusão,Bárbara,Aberto,6:48,6:49,,,,,,,,,,,,,,,,,,,,,,,,,,,,,,,,,,,,,,
,,,,,,,,,,,,,,,,,,,,,,,,,,,,,,,,,,,,,,,,,,,,
#1005377,1/16/2026,Indique e ganhe,Bárbara,Aberto,19:34,19:41,7,,,,,,,,,,,,,,,,,,,,,,,,,,,,,,,,,,,,,
#1005605,1/16/2026,Cashback,Bárbara,Aberto,20:40,20:42,2,,,,,,,,,,,,,,,,,,,,,,,,,,,,,,,,,,,,,
#29176843,1/16/2026,Cashback,Bárbara,Aberto,20:45,20:55,10,,,,,,,,,,,,,,,,,,,,,,,,,,,,,,,,,,,,,
#29446700,1/16/2026,Cashback,Bárbara,Aberto,21:14,21:15,1,,,,,,,,,,,,,,,,,,,,,,,,,,,,,,,,,,,,,
#1005792,1/16/2026,Cashback,Bárbara,Aberto,21:30,21:31,1,,,,,,,,,,,,,,,,,,,,,,,,,,,,,,,,,,,,,
#1005872,1/16/2026,Cashback,Bárbara,Aberto,21:45,21:46,1,,,,,,,,,,,,,,,,,,,,,,,,,,,,,,,,,,,,,
#1005942,1/16/2026,Cashback,Bárbara,Aberto,22:00,22:32,32,,,,,,,,,,,,,,,,,,,,,,,,,,,,,,,,,,,,,
#1006134,1/16/2026,Troca de E-mail,Bárbara,Aberto,22:34,22:35,1,,,,,,,,,,,,,,,,,,,,,,,,,,,,,,,,,,,,,
#1006135,1/16/2026,Troca de E-mail,Bárbara,Aberto,22:39,22:41,2,,,,,,,,,,,,,,,,,,,,,,,,,,,,,,,,,,,,,
#1006320,1/16/2026,KYC/Reembolso,Bárbara,Aberto,22:55,22:57,2,,,,,,,,,,,,,,,,,,,,,,,,,,,,,,,,,,,,,
#1006632,1/16/2026,Campanhas/CRM,Bárbara,Aberto,22:53,23:02,9,,,,,,,,,,,,,,,,,,,,,,,,,,,,,,,,,,,,,
,,,,,,,,,,,,,,,,,,,,,,,,,,,,,,,,,,,,,,,,,,,,
#1006989,1/17/2026,KYC/Reembolso,Bárbara,Aberto,0:44,0:48,4,,,,,,,,,,,,,,,,,,,,,,,,,,,,,,,,,,,,,
#1006668,1/17/2026,KYC/Reembolso,Bárbara,Aberto,1:12,1:13,1,,,,,,,,,,,,,,,,,,,,,,,,,,,,,,,,,,,,,
#1006267,1/17/2026,Troca de E-mail,Bárbara,Aberto,1:15,1:19,4,,,,,,,,,,,,,,,,,,,,,,,,,,,,,,,,,,,,,
#1007907,1/17/2026,KYC/Reembolso,Lucas,Aberto,1:36,1:38,2,,,,,,,,,,,,,,,,,,,,,,,,,,,,,,,,,,,,,
#1007787,1/17/2026,KYC/Reembolso,Lucas,Aberto,1:39,1:40,1,,,,,,,,,,,,,,,,,,,,,,,,,,,,,,,,,,,,,
#1007448,1/17/2026,KYC/Reembolso,Lucas,Aberto,1:45,1:47,2,,,,,,,,,,,,,,,,,,,,,,,,,,,,,,,,,,,,,
#1007184,1/17/2026,KYC/Reembolso,Lucas,Aberto,1:52,1:54,2,,,,,,,,,,,,,,,,,,,,,,,,,,,,,,,,,,,,,
#1007099,1/17/2026,KYC/Reembolso,Lucas,Em espera,1:55,1:56,1,,,,,,,,,,,,,,,,,,,,,,,,,,,,,,,,,,,,,
#1006903,1/17/2026,KYC/Reembolso,Lucas,Em espera,1:57,1:59,2,,,,,,,,,,,,,,,,,,,,,,,,,,,,,,,,,,,,,
#1006887,1/17/2026,"Financeiro (Depósito, saque e Devolução)",Lucas,Aberto,1:59,2:01,2,,,,,,,,,,,,,,,,,,,,,,,,,,,,,,,,,,,,,
#1006727,1/17/2026,"Financeiro (Depósito, saque e Devolução)",Lucas,Aberto,2:03,2:07,4,,,,,,,,,,,,,,,,,,,,,,,,,,,,,,,,,,,,,
#1006593,1/17/2026,Bloqueio/Fraude,Lucas,Aberto,2:11,2:13,2,,,,,,,,,,,,,,,,,,,,,,,,,,,,,,,,,,,,,
#1008052,1/17/2026,Cashback,Lucas,Em espera,2:22,2:25,3,,,,,,,,,,,,,,,,,,,,,,,,,,,,,,,,,,,,,
#1007312,1/17/2026,Cashback,Lucas,Em espera,2:49,2:51,2,,,,,,,,,,,,,,,,,,,,,,,,,,,,,,,,,,,,,
#1007153,1/17/2026,KYC/Reembolso,Lucas,Aberto,2:58,2:59,1,,,,,,,,,,,,,,,,,,,,,,,,,,,,,,,,,,,,,
#1007059,1/17/2026,KYC/Reembolso,Lucas,Em espera,3:01,3:02,1,,,,,,,,,,,,,,,,,,,,,,,,,,,,,,,,,,,,,
#1006458,1/17/2026,KYC/Reembolso,Lucas,Aberto,3:04,3:06,2,,,,,,,,,,,,,,,,,,,,,,,,,,,,,,,,,,,,,
#1006264,1/17/2026,KYC/Reembolso,Lucas,Aberto,3:16,,,,,,,,,,,,,,,,,,,,,,,,,,,,,,,,,,,,,,,
#1008275,1/17/2026,Giros,Lucas,Aberto,3:41,3:54,13,,,,,,,,,,,,,,,,,,,,,,,,,,,,,,,,,,,,,
#1008311,1/17/2026,Cashback,Lucas,Em espera,3:55,4:05,10,,,,,,,,,,,,,,,,,,,,,,,,,,,,,,,,,,,,,
#1008366,1/17/2026,Cashback,Lucas,Em espera,4:08,4:13,5,,,,,,,,,,,,,,,,,,,,,,,,,,,,,,,,,,,,,
#1007976,1/17/2026,Cashback,Lucas,,4:17,,,,,,,,,,,,,,,,,,,,,,,,,,,,,,,,,,,,,,,
#1007717,1/17/2026,Bloqueio/Fraude,Lucas,Aberto,4:24,4:25,1,,,,,,,,,,,,,,,,,,,,,,,,,,,,,,,,,,,,,
#1007489,1/17/2026,Campanhas/CRM,Lucas,Aberto,4:34,4:36,2,,,,,,,,,,,,,,,,,,,,,,,,,,,,,,,,,,,,,
#1005910,1/17/2026,Campanhas/CRM,Lucas,Aberto,4:49,4:51,2,,,,,,,,,,,,,,,,,,,,,,,,,,,,,,,,,,,,,
#1005905,1/17/2026,Giros,Lucas,Aberto,4:52,4:56,4,,,,,,,,,,,,,,,,,,,,,,,,,,,,,,,,,,,,,
#1005871,1/17/2026,Indique e ganhe,Lucas,Em espera,4:58,5:12,14,,,,,,,,,,,,,,,,,,,,,,,,,,,,,,,,,,,,,
#1008472,1/17/2026,Campanhas/CRM,Lucas,Aberto,5:22,5:24,2,,,,,,,,,,,,,,,,,,,,,,,,,,,,,,,,,,,,,
#1008543,1/17/2026,"Financeiro (Depósito, saque e Devolução)",Lucas,Aberto,6:31,6:33,2,,,,,,,,,,,,,,,,,,,,,,,,,,,,,,,,,,,,,
#1008537,1/17/2026,Indique e ganhe,Lucas,Aberto,6:48,6:51,3,,,,,,,,,,,,,,,,,,,,,,,,,,,,,,,,,,,,,
#1008528,1/17/2026,KYC/Reembolso,Lucas,Aberto,6:51,6:54,3,,,,,,,,,,,,,,,,,,,,,,,,,,,,,,,,,,,,,
,,,,,,,,,,,,,,,,,,,,,,,,,,,,,,,,,,,,,,,,,,,,
#1014873,1/18/2026,KYC/Reembolso,Lucas,Aberto,20:10,20:14,4,,,,,,,,,,,,,,,,,,,,,,,,,,,,,,,,,,,,,
#1014682,1/18/2026,"Financeiro (Depósito, saque e Devolução)",Lucas,Aberto,20:26,20:32,6,,,,,,,,,,,,,,,,,,,,,,,,,,,,,,,,,,,,,
#1014693,1/18/2026,Erro Plataforma,Lucas,Aberto,20:34,20:46,12,,,,,,,,,,,,,,,,,,,,,,,,,,,,,,,,,,,,,
#1014900,1/18/2026,Reembolso,Lucas,Aberto,20:47,21:12,25,,,,,,,,,,,,,,,,,,,,,,,,,,,,,,,,,,,,,
#1015035,1/18/2026,Cashback,Lucas,Em espera,21:13,21:21,8,,,,,,,,,,,,,,,,,,,,,,,,,,,,,,,,,,,,,
#1015134,1/18/2026,KYC/Reembolso,Lucas,Aberto,21:30,21:31,1,,,,,,,,,,,,,,,,,,,,,,,,,,,,,,,,,,,,,
#1014988,1/18/2026,Cashback,Lucas,Em espera,21:32,21:36,4,,,,,,,,,,,,,,,,,,,,,,,,,,,,,,,,,,,,,
#1015141,1/18/2026,Cashback,Lucas,Em espera,21:37,21:41,4,,,,,,,,,,,,,,,,,,,,,,,,,,,,,,,,,,,,,
#1015277,1/18/2026,Cassino,Lucas,Em espera,22:24,22:49,25,,,,,,,,,,,,,,,,,,,,,,,,,,,,,,,,,,,,,
#1015463,1/18/2026,Cashback,Lucas,Em espera,22:32,22:38,6,,,,,,,,,,,,,,,,,,,,,,,,,,,,,,,,,,,,,
,,,,,,,,,,,,,,,,,,,,,,,,,,,,,,,,,,,,,,,,,,,,
#1015618,1/19/2026,Troca de E-mail,Bárbara,Aberto,1:03,1:06,3,,,,,,,,,,,,,,,,,,,,,,,,,,,,,,,,,,,,,
#1016150,1/19/2026,Troca de E-mail,Bárbara,Aberto,1:36,2:46,70,,,,,,,,,,,,,,,,,,,,,,,,,,,,,,,,,,,,,
#1015397,1/19/2026,Giros,Bárbara,Aberto,1:52,3:30,98,,,,,,,,,,,,,,,,,,,,,,,,,,,,,,,,,,,,,
#1016086,1/19/2026,Erro Plataforma,Bárbara,Aberto,2:47,2:50,3,,,,,,,,,,,,,,,,,,,,,,,,,,,,,,,,,,,,,
#1016504,1/19/2026,KYC/Reembolso,Bárbara,Aberto,3:34,3:39,5,,,,,,,,,,,,,,,,,,,,,,,,,,,,,,,,,,,,,
#1016490,1/19/2026,Erro Plataforma,Bárbara,Aberto,4:11,4:12,1,,,,,,,,,,,,,,,,,,,,,,,,,,,,,,,,,,,,,
#1016594,1/19/2026,"Financeiro (Depósito, saque e Devolução)",Bárbara,Aberto,6:24,6:27,3,,,,,,,,,,,,,,,,,,,,,,,,,,,,,,,,,,,,,
#1016657,1/19/2026,Cashback,Bárbara,Aberto,6:45,6:48,3,,,,,,,,,,,,,,,,,,,,,,,,,,,,,,,,,,,,,
,,,,,,,,,,,,,,,,,,,,,,,,,,,,,,,,,,,,,,,,,,,,
#1022609,1/20/2026,Cashback,Bárbara,Em espera,19:16,19:28,12,,,,,,,,,,,,,,,,,,,,,,,,,,,,,,,,,,,,,
#1022589,1/20/2026,Cashback,Bárbara,Em espera,19:35,19:36,1,,,,,,,,,,,,,,,,,,,,,,,,,,,,,,,,,,,,,
#1022568,1/20/2026,Cashback,Bárbara,Em espera,19:44,19:45,1,,,,,,,,,,,,,,,,,,,,,,,,,,,,,,,,,,,,,
#1022564,1/20/2026,KYC/Reembolso,Bárbara,Aberto,19:47,19:58,11,,,,,,,,,,,,,,,,,,,,,,,,,,,,,,,,,,,,,
#1022613,1/20/2026,Cashback,Bárbara,Em espera,20:03,20:04,1,,,,,,,,,,,,,,,,,,,,,,,,,,,,,,,,,,,,,
#1022621,1/20/2026,Cashback,Bárbara,Em espera,20:07,20:08,1,,,,,,,,,,,,,,,,,,,,,,,,,,,,,,,,,,,,,
#1022630,1/20/2026,Cashback,Bárbara,Em espera,20:10,20:11,1,,,,,,,,,,,,,,,,,,,,,,,,,,,,,,,,,,,,,
#1022636,1/20/2026,Cashback,Bárbara,Em espera,20:14,20:15,1,,,,,,,,,,,,,,,,,,,,,,,,,,,,,,,,,,,,,
#1022507,1/20/2026,Cashback,Bárbara,Em espera,20:18,20:19,1,,,,,,,,,,,,,,,,,,,,,,,,,,,,,,,,,,,,,
#1022547,1/20/2026,Cashback,Bárbara,Em espera,20:23,20:24,1,,,,,,,,,,,,,,,,,,,,,,,,,,,,,,,,,,,,,
#1022553,1/20/2026,Cashback,Bárbara,Em espera,20:28,20:29,1,,,,,,,,,,,,,,,,,,,,,,,,,,,,,,,,,,,,,
#1022658,1/20/2026,Cashback,Bárbara,Em espera,20:31,20:32,1,,,,,,,,,,,,,,,,,,,,,,,,,,,,,,,,,,,,,
#1022450,1/20/2026,Cashback,Bárbara,Em espera,20:39,20:40,1,,,,,,,,,,,,,,,,,,,,,,,,,,,,,,,,,,,,,
#1022465,1/20/2026,Cashback,Bárbara,Em espera,20:55,20:56,1,,,,,,,,,,,,,,,,,,,,,,,,,,,,,,,,,,,,,
#1022500,1/20/2026,Cashback,Bárbara,Em espera,20:58,20:59,1,,,,,,,,,,,,,,,,,,,,,,,,,,,,,,,,,,,,,
#1022675,1/20/2026,Cashback,Bárbara,Em espera,21:20,21:22,2,,,,,,,,,,,,,,,,,,,,,,,,,,,,,,,,,,,,,
#1022398,1/20/2026,Cashback,Bárbara,Em espera,21:30,21:31,1,,,,,,,,,,,,,,,,,,,,,,,,,,,,,,,,,,,,,
#1022384,1/20/2026,Cashback,Bárbara,Em espera,21:35,21:36,1,,,,,,,,,,,,,,,,,,,,,,,,,,,,,,,,,,,,,
#1022429,1/20/2026,Cashback,Bárbara,Em espera,21:38,21:39,1,,,,,,,,,,,,,,,,,,,,,,,,,,,,,,,,,,,,,
#1022741,1/20/2026,Cashback,Bárbara,Em espera,21:43,21:44,1,,,,,,,,,,,,,,,,,,,,,,,,,,,,,,,,,,,,,
#1022764,1/20/2026,Cashback,Bárbara,Em espera,21:47,21:48,1,,,,,,,,,,,,,,,,,,,,,,,,,,,,,,,,,,,,,
#1021860,1/20/2026,Cashback,Bárbara,Em espera,21:50,21:51,1,,,,,,,,,,,,,,,,,,,,,,,,,,,,,,,,,,,,,
#1021901,1/20/2026,Cashback,Bárbara,Em espera,21:54,21:55,1,,,,,,,,,,,,,,,,,,,,,,,,,,,,,,,,,,,,,
#1021935,1/20/2026,Cashback,Bárbara,Em espera,21:57,21:58,1,,,,,,,,,,,,,,,,,,,,,,,,,,,,,,,,,,,,,
#1021948,1/20/2026,Cashback,Bárbara,Em espera,22:00,22:01,1,,,,,,,,,,,,,,,,,,,,,,,,,,,,,,,,,,,,,
#1021961,1/20/2026,Cashback,Bárbara,Em espera,22:04,22:05,1,,,,,,,,,,,,,,,,,,,,,,,,,,,,,,,,,,,,,
#1021969,1/20/2026,Cashback,Bárbara,Em espera,22:15,22:16,1,,,,,,,,,,,,,,,,,,,,,,,,,,,,,,,,,,,,,
#1021984,1/20/2026,Cashback,Bárbara,Em espera,22:17,22:18,1,,,,,,,,,,,,,,,,,,,,,,,,,,,,,,,,,,,,,
#1021993,1/20/2026,Cashback,Bárbara,Em espera,22:21,22:22,1,,,,,,,,,,,,,,,,,,,,,,,,,,,,,,,,,,,,,
#1022002,1/20/2026,Cashback,Bárbara,Em espera,22:32,22:33,1,,,,,,,,,,,,,,,,,,,,,,,,,,,,,,,,,,,,,
#1022366,1/20/2026,Cashback,Bárbara,Em espera,22:35,22:36,1,,,,,,,,,,,,,,,,,,,,,,,,,,,,,,,,,,,,,
#1022368,1/20/2026,Cashback,Bárbara,Em espera,22:40,22:41,1,,,,,,,,,,,,,,,,,,,,,,,,,,,,,,,,,,,,,
#1022755,1/20/2026,Cashback,Bárbara,Em espera,22:43,22:44,1,,,,,,,,,,,,,,,,,,,,,,,,,,,,,,,,,,,,,
#1022789,1/20/2026,Cashback,Bárbara,Em espera,22:45,22:46,1,,,,,,,,,,,,,,,,,,,,,,,,,,,,,,,,,,,,,
#1022806,1/20/2026,Cashback,Bárbara,Em espera,22:59,22:50,-9,,,,,,,,,,,,,,,,,,,,,,,,,,,,,,,,,,,,,
#1022898,1/20/2026,Cashback,Bárbara,Em espera,22:54,22:55,1,,,,,,,,,,,,,,,,,,,,,,,,,,,,,,,,,,,,,
#1022923,1/20/2026,Cashback,Bárbara,Em espera,22:57,22:58,1,,,,,,,,,,,,,,,,,,,,,,,,,,,,,,,,,,,,,
#1022165,1/20/2026,Cashback,Bárbara,Em espera,23:03,23:04,1,,,,,,,,,,,,,,,,,,,,,,,,,,,,,,,,,,,,,
#1022202,1/20/2026,Cashback,Bárbara,Em espera,23:06,23:07,1,,,,,,,,,,,,,,,,,,,,,,,,,,,,,,,,,,,,,
#1022230,1/20/2026,Cashback,Bárbara,Em espera,23:08,23:09,1,,,,,,,,,,,,,,,,,,,,,,,,,,,,,,,,,,,,,
,,,,,,,,,,,,,,,,,,,,,,,,,,,,,,,,,,,,,,,,,,,,
#1022251,1/21/2026,Cashback,Bárbara,Em espera,0:23,0:24,1,,,,,,,,,,,,,,,,,,,,,,,,,,,,,,,,,,,,,
#1022276,1/21/2026,Cashback,Bárbara,Em espera,0:31,0:32,1,,,,,,,,,,,,,,,,,,,,,,,,,,,,,,,,,,,,,
#1022302,1/21/2026,Cashback,Bárbara,Em espera,0:34,0:35,1,,,,,,,,,,,,,,,,,,,,,,,,,,,,,,,,,,,,,
#1022098,1/21/2026,Cashback,Bárbara,Em espera,0:41,0:42,1,,,,,,,,,,,,,,,,,,,,,,,,,,,,,,,,,,,,,
#1022134,1/21/2026,Cashback,Bárbara,Em espera,0:47,0:48,1,,,,,,,,,,,,,,,,,,,,,,,,,,,,,,,,,,,,,
#1022309,1/21/2026,Cashback,Bárbara,Em espera,0:49,0:50,1,,,,,,,,,,,,,,,,,,,,,,,,,,,,,,,,,,,,,
#1022327,1/21/2026,Cashback,Bárbara,Em espera,0:57,0:58,1,,,,,,,,,,,,,,,,,,,,,,,,,,,,,,,,,,,,,
#1022840,1/21/2026,KYC/Reembolso,Bárbara,Aberto,1:01,1:18,17,,,,,,,,,,,,,,,,,,,,,,,,,,,,,,,,,,,,,
#1024308,1/21/2026,KYC/Reembolso,Lucas,Aberto,1:17,1:20,3,,,,,,,,,,,,,,,,,,,,,,,,,,,,,,,,,,,,,
#1024190,1/21/2026,Bloqueio/Fraude,Lucas,Aberto,1:25,1:27,2,,,,,,,,,,,,,,,,,,,,,,,,,,,,,,,,,,,,,
#1024158,1/21/2026,"Financeiro (Depósito, saque e Devolução)",Lucas,Aberto,1:31,1:32,1,,,,,,,,,,,,,,,,,,,,,,,,,,,,,,,,,,,,,
#1024065,1/21/2026,Cashback,Lucas,Em espera,1:34,1:37,3,,,,,,,,,,,,,,,,,,,,,,,,,,,,,,,,,,,,,
#1023693,1/21/2026,"Financeiro (Depósito, saque e Devolução)",Lucas,Aberto,1:53,1:54,1,,,,,,,,,,,,,,,,,,,,,,,,,,,,,,,,,,,,,
#1023624,1/21/2026,"Financeiro (Depósito, saque e Devolução)",Lucas,Aberto,1:55,1:56,1,,,,,,,,,,,,,,,,,,,,,,,,,,,,,,,,,,,,,
#1024588,1/21/2026,KYC/Reembolso,Lucas,Aberto,1:57,1:59,2,,,,,,,,,,,,,,,,,,,,,,,,,,,,,,,,,,,,,
#1023382,1/21/2026,KYC/Reembolso,Lucas,Aberto,2:01,2:03,2,,,,,,,,,,,,,,,,,,,,,,,,,,,,,,,,,,,,,
#1023281,1/21/2026,Troca de E-mail,Lucas,Aberto,2:09,2:12,3,,,,,,,,,,,,,,,,,,,,,,,,,,,,,,,,,,,,,
#1023009,1/21/2026,KYC/Reembolso,Lucas,Aberto,2:13,2:16,3,,,,,,,,,,,,,,,,,,,,,,,,,,,,,,,,,,,,,
#1022984,1/21/2026,Cashback,Lucas,Em espera,2:23,2:25,2,,,,,,,,,,,,,,,,,,,,,,,,,,,,,,,,,,,,,
#1022961,1/21/2026,KYC/Reembolso,Lucas,Em espera,2:26,2:27,1,,,,,,,,,,,,,,,,,,,,,,,,,,,,,,,,,,,,,
#1022954,1/21/2026,Cashback,Lucas,Em espera,2:30,2:31,1,,,,,,,,,,,,,,,,,,,,,,,,,,,,,,,,,,,,,
#1022945,1/21/2026,Erro KYC,Lucas,Em espera,2:33,2:34,1,,,,,,,,,,,,,,,,,,,,,,,,,,,,,,,,,,,,,
#1022051,1/21/2026,Cashback,Lucas,Em espera,2:41,2:43,2,,,,,,,,,,,,,,,,,,,,,,,,,,,,,,,,,,,,,
#1022069,1/21/2026,Cashback,Lucas,Em espera,2:45,2:50,5,,,,,,,,,,,,,,,,,,,,,,,,,,,,,,,,,,,,,
#1022805,1/21/2026,KYC/Reembolso,Lucas,Aberto,2:58,3:01,3,,,,,,,,,,,,,,,,,,,,,,,,,,,,,,,,,,,,,
#1022918,1/21/2026,Bloqueio/Fraude,Lucas,Aberto,3:05,3:07,2,,,,,,,,,,,,,,,,,,,,,,,,,,,,,,,,,,,,,
#1024838,1/21/2026,KYC/Reembolso,Lucas,Aberto,3:08,3:10,2,,,,,,,,,,,,,,,,,,,,,,,,,,,,,,,,,,,,,
#1024848,1/21/2026,Erro KYC,Lucas,Aberto,3:24,3:26,2,,,,,,,,,,,,,,,,,,,,,,,,,,,,,,,,,,,,,
#1024278,1/21/2026,Erro KYC,Lucas,Aberto,3:39,3:39,0,,,,,,,,,,,,,,,,,,,,,,,,,,,,,,,,,,,,,
#1024224,1/21/2026,Erro Plataforma,Lucas,Aberto,3:46,3:50,4,,,,,,,,,,,,,,,,,,,,,,,,,,,,,,,,,,,,,
#1023823,1/21/2026,Erro Plataforma,Lucas,Aberto,4:26,4:28,2,,,,,,,,,,,,,,,,,,,,,,,,,,,,,,,,,,,,,
#1023700,1/21/2026,Erro KYC,Lucas,Aberto,4:35,4:36,1,,,,,,,,,,,,,,,,,,,,,,,,,,,,,,,,,,,,,
#1021914,1/21/2026,Cashback,Lucas,Em espera,4:46,4:48,2,,,,,,,,,,,,,,,,,,,,,,,,,,,,,,,,,,,,,
#1022041,1/21/2026,Cashback,Lucas,Em espera,4:56,5:02,6,,,,,,,,,,,,,,,,,,,,,,,,,,,,,,,,,,,,,
#1022769,1/21/2026,"Financeiro (Depósito, saque e Devolução)",Lucas,Aberto,5:11,5:41,30,,,,,,,,,,,,,,,,,,,,,,,,,,,,,,,,,,,,,
#1024940,1/21/2026,Missão,Lucas,Aberto,5:45,5:51,6,,,,,,,,,,,,,,,,,,,,,,,,,,,,,,,,,,,,,
#1024449,1/21/2026,Missão,Lucas,Aberto,5:54,5:55,1,,,,,,,,,,,,,,,,,,,,,,,,,,,,,,,,,,,,,
#1023719,1/21/2026,Campanhas/CRM,Lucas,Aberto,5:56,6:01,5,,,,,,,,,,,,,,,,,,,,,,,,,,,,,,,,,,,,,
#1025010,1/21/2026,Erro KYC,Lucas,Aberto,6:02,6:06,4,,,,,,,,,,,,,,,,,,,,,,,,,,,,,,,,,,,,,
#1024973,1/21/2026,Missão,Lucas,Aberto,6:07,6:08,1,,,,,,,,,,,,,,,,,,,,,,,,,,,,,,,,,,,,,
#1023519,1/21/2026,Reembolso,Lucas,Aberto,6:11,6:14,3,,,,,,,,,,,,,,,,,,,,,,,,,,,,,,,,,,,,,
#1025009,1/21/2026,Campanhas/CRM,Lucas,Aberto,6:16,6:19,3,,,,,,,,,,,,,,,,,,,,,,,,,,,,,,,,,,,,,
#1023314,1/21/2026,Cashback,Lucas,Em espera,6:21,6:26,5,,,,,,,,,,,,,,,,,,,,,,,,,,,,,,,,,,,,,
#1023181,1/21/2026,"Financeiro (Depósito, saque e Devolução)",Lucas,Em espera,6:27,6:30,3,,,,,,,,,,,,,,,,,,,,,,,,,,,,,,,,,,,,,
#1022976,1/21/2026,Indique e ganhe,Lucas,Aberto,6:32,6:36,4,,,,,,,,,,,,,,,,,,,,,,,,,,,,,,,,,,,,,
#1025070,1/21/2026,KYC/Reembolso,Lucas,Aberto,6:37,6:41,4,,,,,,,,,,,,,,,,,,,,,,,,,,,,,,,,,,,,,
#1022008,1/21/2026,Cashback,Lucas,Em espera,6:47,6:48,1,,,,,,,,,,,,,,,,,,,,,,,,,,,,,,,,,,,,,
,,,,,,,,,,,,,,,,,,,,,,,,,,,,,,,,,,,,,,,,,,,,
#1031264,1/22/2026,Cashback,Lucas,Em espera,21:24,21:27,3,,,,,,,,,,,,,,,,,,,,,,,,,,,,,,,,,,,,,
#1031231,1/22/2026,Cashback,Lucas,Em espera,21:28,21:30,2,,,,,,,,,,,,,,,,,,,,,,,,,,,,,,,,,,,,,
#1031209,1/22/2026,Cashback,Lucas,Em espera,21:32,21:34,2,,,,,,,,,,,,,,,,,,,,,,,,,,,,,,,,,,,,,
#1031192,1/22/2026,Cashback,Lucas,Em espera,21:34,21:36,2,,,,,,,,,,,,,,,,,,,,,,,,,,,,,,,,,,,,,
#1031174,1/22/2026,Cashback,Lucas,Em espera,21:36,21:41,5,,,,,,,,,,,,,,,,,,,,,,,,,,,,,,,,,,,,,
#1031097,1/22/2026,Cashback,Lucas,Em espera,21:42,21:44,2,,,,,,,,,,,,,,,,,,,,,,,,,,,,,,,,,,,,,
#1031895,1/22/2026,Bloqueio/Fraude/Kyc,Lucas,Aberto,21:48,21:50,2,,,,,,,,,,,,,,,,,,,,,,,,,,,,,,,,,,,,,
#1031964,1/22/2026,KYC/Reembolso,Lucas,Aberto,21:54,21:57,3,,,,,,,,,,,,,,,,,,,,,,,,,,,,,,,,,,,,,
#1031073,1/22/2026,Cashback,Lucas,Em espera,22:07,22:09,2,,,,,,,,,,,,,,,,,,,,,,,,,,,,,,,,,,,,,
#1030926,1/22/2026,Cashback,Lucas,Em espera,22:14,22:16,2,,,,,,,,,,,,,,,,,,,,,,,,,,,,,,,,,,,,,
#1032081,1/22/2026,KYC/Reembolso,Lucas,Aberto,23:05,23:12,7,,,,,,,,,,,,,,,,,,,,,,,,,,,,,,,,,,,,,
#1030881,1/22/2026,Cashback,Lucas,Em espera,23:18,23:20,2,,,,,,,,,,,,,,,,,,,,,,,,,,,,,,,,,,,,,
#1030806,1/22/2026,KYC/Reembolso,Lucas,Aberto,23:22,23:29,7,,,,,,,,,,,,,,,,,,,,,,,,,,,,,,,,,,,,,
#1030779,1/22/2026,KYC/Reembolso,Lucas,Aberto,23:32,23:37,5,,,,,,,,,,,,,,,,,,,,,,,,,,,,,,,,,,,,,
#1030765,1/22/2026,Cashback,Lucas,Em espera,23:39,23:41,2,,,,,,,,,,,,,,,,,,,,,,,,,,,,,,,,,,,,,
#1030690,1/22/2026,Cashback,Lucas,Em espera,23:44,23:46,2,,,,,,,,,,,,,,,,,,,,,,,,,,,,,,,,,,,,,
,,,,,,,,,,,,,,,,,,,,,,,,,,,,,,,,,,,,,,,,,,,,
#1030687,1/23/2026,Troca de E-mail,Lucas,Aberto,1:25,1:31,6,,,,,,,,,,,,,,,,,,,,,,,,,,,,,,,,,,,,,
#1030672,1/23/2026,Cashback,Lucas,Em espera,1:33,1:35,2,,,,,,,,,,,,,,,,,,,,,,,,,,,,,,,,,,,,,
#1032728,1/23/2026,KYC/Reembolso,Lucas,Aberto,1:37,1:40,3,,,,,,,,,,,,,,,,,,,,,,,,,,,,,,,,,,,,,
#1032496,1/23/2026,KYC/Reembolso,Lucas,Aberto,1:42,1:45,3,,,,,,,,,,,,,,,,,,,,,,,,,,,,,,,,,,,,,
#1032276,1/23/2026,KYC/Reembolso,Lucas,Aberto,1:48,1:52,4,,,,,,,,,,,,,,,,,,,,,,,,,,,,,,,,,,,,,
#1030566,1/23/2026,Cashback,Lucas,Em espera,1:59,2:04,5,,,,,,,,,,,,,,,,,,,,,,,,,,,,,,,,,,,,,
#1030559,1/23/2026,Cashback,Lucas,Em espera,2:05,2:07,2,,,,,,,,,,,,,,,,,,,,,,,,,,,,,,,,,,,,,
#1030552,1/23/2026,Cashback,Lucas,Em espera,2:09,2:12,3,,,,,,,,,,,,,,,,,,,,,,,,,,,,,,,,,,,,,
#1030541,1/23/2026,Cashback,Lucas,Em espera,2:14,2:17,3,,,,,,,,,,,,,,,,,,,,,,,,,,,,,,,,,,,,,
#1032994,1/23/2026,KYC/Reembolso,Lucas,Aberto,3:00,3:08,8,,,,,,,,,,,,,,,,,,,,,,,,,,,,,,,,,,,,,
#1031990,1/23/2026,Erro KYC,Lucas,Em espera,3:17,3:19,2,,,,,,,,,,,,,,,,,,,,,,,,,,,,,,,,,,,,,
#1031749,1/23/2026,KYC/Reembolso,Lucas,Aberto,3:23,3:43,20,,,,,,,,,,,,,,,,,,,,,,,,,,,,,,,,,,,,,
#1033067,1/23/2026,KYC/Reembolso,Lucas,Aberto,3:45,3:48,3,,,,,,,,,,,,,,,,,,,,,,,,,,,,,,,,,,,,,
#1032861,1/23/2026,Cashback,Lucas,Em espera,4:03,4:05,2,,,,,,,,,,,,,,,,,,,,,,,,,,,,,,,,,,,,,
#1032140,1/23/2026,Missão,Lucas,Aberto,4:10,4:22,12,,,,,,,,,,,,,,,,,,,,,,,,,,,,,,,,,,,,,
#1033121,1/23/2026,KYC/Reembolso,Lucas,Aberto,4:24,4:27,3,,,,,,,,,,,,,,,,,,,,,,,,,,,,,,,,,,,,,
#1032008,1/23/2026,Cashback,Lucas,Aberto,4:35,4:44,9,,,,,,,,,,,,,,,,,,,,,,,,,,,,,,,,,,,,,
#1033185,1/23/2026,Campanhas/CRM,Lucas,Aberto,6:12,6:14,2,,,,,,,,,,,,,,,,,,,,,,,,,,,,,,,,,,,,,
#1033193,1/23/2026,KYC/Reembolso,Lucas,Aberto,6:15,,,,,,,,,,,,,,,,,,,,,,,,,,,,,,,,,,,,,,,
#1033211,,,,,,,,,,,,,,,,,,,,,,,,,,,,,,,,,,,,,,,,,,,,
#1029955,1/23/2026,Cashback,Bárbara,Em espera,1:09,1:10,1,,,,,,,,,,,,,,,,,,,,,,,,,,,,,,,,,,,,,
#1029994,1/23/2026,Cashback,Bárbara,Em espera,1:13,1:14,1,,,,,,,,,,,,,,,,,,,,,,,,,,,,,,,,,,,,,
#1030113,1/23/2026,Cashback,Bárbara,Em espera,1:17,1:18,1,,,,,,,,,,,,,,,,,,,,,,,,,,,,,,,,,,,,,
#1030143,1/23/2026,Cashback,Bárbara,Em espera,1:21,1:22,1,,,,,,,,,,,,,,,,,,,,,,,,,,,,,,,,,,,,,
#1030248,1/23/2026,Cashback,Bárbara,Em espera,1:24,1:25,1,,,,,,,,,,,,,,,,,,,,,,,,,,,,,,,,,,,,,
#1030384,1/23/2026,Cashback,Bárbara,Em espera,1:36,1:38,2,,,,,,,,,,,,,,,,,,,,,,,,,,,,,,,,,,,,,
#1030397,1/23/2026,Cashback,Bárbara,Em espera,1:39,1:40,1,,,,,,,,,,,,,,,,,,,,,,,,,,,,,,,,,,,,,
#1030415,1/23/2026,Indique e ganhe,Bárbara,Aberto,1:44,2:07,23,,,,,,,,,,,,,,,,,,,,,,,,,,,,,,,,,,,,,
#1030442,1/23/2026,Cashback,Bárbara,Em espera,2:10,2:11,1,,,,,,,,,,,,,,,,,,,,,,,,,,,,,,,,,,,,,
#1030448,1/23/2026,Cashback,Bárbara,Em espera,2:13,2:14,1,,,,,,,,,,,,,,,,,,,,,,,,,,,,,,,,,,,,,
#1030469,1/23/2026,Cashback,Bárbara,Em espera,2:16,2:17,1,,,,,,,,,,,,,,,,,,,,,,,,,,,,,,,,,,,,,
#1030471,1/23/2026,Cashback,Bárbara,Em espera,2:18,2:19,1,,,,,,,,,,,,,,,,,,,,,,,,,,,,,,,,,,,,,
#1030485,1/23/2026,Cashback,Bárbara,Em espera,2:23,2:24,1,,,,,,,,,,,,,,,,,,,,,,,,,,,,,,,,,,,,,
#1030492,1/23/2026,Cashback,Bárbara,Em espera,2:25,2:26,1,,,,,,,,,,,,,,,,,,,,,,,,,,,,,,,,,,,,,
#1030493,1/23/2026,KYC/Reembolso,Bárbara,Aberto,2:26,2:30,4,,,,,,,,,,,,,,,,,,,,,,,,,,,,,,,,,,,,,
#1030578,1/23/2026,Cashback,Bárbara,Em espera,2:37,2:38,1,,,,,,,,,,,,,,,,,,,,,,,,,,,,,,,,,,,,,
#1030634,1/23/2026,Cashback,Bárbara,Em espera,2:40,2:41,1,,,,,,,,,,,,,,,,,,,,,,,,,,,,,,,,,,,,,
#1030917,1/23/2026,Cashback,Bárbara,Aberto,3:14,3:16,2,,,,,,,,,,,,,,,,,,,,,,,,,,,,,,,,,,,,,
#1030802,1/23/2026,Cashback,Bárbara,Em espera,4:28,4:29,1,,,,,,,,,,,,,,,,,,,,,,,,,,,,,,,,,,,,,
#1030957,1/23/2026,Cashback,Bárbara,Aberto,4:38,4:41,3,,,,,,,,,,,,,,,,,,,,,,,,,,,,,,,,,,,,,
#1031253,1/23/2026,Cashback,Bárbara,Aberto,5:50,6:05,15,,,,,,,,,,,,,,,,,,,,,,,,,,,,,,,,,,,,,
#1031218,1/23/2026,Cashback,Bárbara,Aberto,6:17,,,,,,,,,,,,,,,,,,,,,,,,,,,,,,,,,,,,,,,
,,,,,,,,,,,,,,,,,,,,,,,,,,,,,,,,,,,,,,,,,,,,
#1038969,1/24/2026,KYC/Reembolso,Bárbara,Aberto,19:39,19:42,3,,,,,,,,,,,,,,,,,,,,,,,,,,,,,,,,,,,,,
#1008129,1/24/2026,Cashback,Bárbara,Em espera,22:48,22:49,1,,,,,,,,,,,,,,,,,,,,,,,,,,,,,,,,,,,,,
#1039160,1/24/2026,KYC/Reembolso,Bárbara,Aberto,22:50,22:53,3,,,,,,,,,,,,,,,,,,,,,,,,,,,,,,,,,,,,,
#1039173,1/24/2026,Aposta esportiva,Lucas,Aberto,23:13,23:18,5,,,,,,,,,,,,,,,,,,,,,,,,,,,,,,,,,,,,,
#1039175,1/24/2026,Giros,Lucas,Aberto,23:21,23:36,15,,,,,,,,,,,,,,,,,,,,,,,,,,,,,,,,,,,,,
#1039303,1/25/2026,"Financeiro (Depósito, saque e Devolução)",Lucas,Aberto,1:14,1:20,6,,,,,,,,,,,,,,,,,,,,,,,,,,,,,,,,,,,,,
#1039677,1/25/2026,Giros,Lucas,Aberto,3:16,3:38,22,,,,,,,,,,,,,,,,,,,,,,,,,,,,,,,,,,,,,
#1040010,1/25/2026,"Financeiro (Depósito, saque e Devolução)",Lucas,Aberto,3:45,3:46,1,,,,,,,,,,,,,,,,,,,,,,,,,,,,,,,,,,,,,
#1040144,1/25/2026,Cashback,Lucas,Em espera,5:39,5:42,3,,,,,,,,,,,,,,,,,,,,,,,,,,,,,,,,,,,,,
#1040186,1/25/2026,Troca de E-mail,Lucas,Aberto,5:54,,,,,,,,,,,,,,,,,,,,,,,,,,,,,,,,,,,,,,,
,,,,,,,,,,,,,,,,,,,,,,,,,,,,,,,,,,,,,,,,,,,,
,,,,,,,,,,,,,,,,,,,,,,,,,,,,,,,,,,,,,,,,,,,,
,,,,,,,,,,,,,,,,,,,,,,,,,,,,,,,,,,,,,,,,,,,,
,,,,,,,,,,,,,,,,,,,,,,,,,,,,,,,,,,,,,,,,,,,,
,,,,,,,,,,,,,,,,,,,,,,,,,,,,,,,,,,,,,,,,,,,,
,,,,,,,,,,,,,,,,,,,,,,,,,,,,,,,,,,,,,,,,,,,,
,,,,,,,,,,,,,,,,,,,,,,,,,,,,,,,,,,,,,,,,,,,,
,,,,,,,,,,,,,,,,,,,,,,,,,,,,,,,,,,,,,,,,,,,,
,,,,,,,,,,,,,,,,,,,,,,,,,,,,,,,,,,,,,,,,,,,,
,,,,,,,,,,,,,,,,,,,,,,,,,,,,,,,,,,,,,,,,,,,,
,,,,,,,,,,,,,,,,,,,,,,,,,,,,,,,,,,,,,,,,,,,,
,,,,,,,,,,,,,,,,,,,,,,,,,,,,,,,,,,,,,,,,,,,,
,,,,,,,,,,,,,,,,,,,,,,,,,,,,,,,,,,,,,,,,,,,,
,,,,,,,,,,,,,,,,,,,,,,,,,,,,,,,,,,,,,,,,,,,,
,,,,,,,,,,,,,,,,,,,,,,,,,,,,,,,,,,,,,,,,,,,,
,,,,,,,,,,,,,,,,,,,,,,,,,,,,,,,,,,,,,,,,,,,,
,,,,,,,,,,,,,,,,,,,,,,,,,,,,,,,,,,,,,,,,,,,,
,,,,,,,,,,,,,,,,,,,,,,,,,,,,,,,,,,,,,,,,,,,,
,,,,,,,,,,,,,,,,,,,,,,,,,,,,,,,,,,,,,,,,,,,,
,,,,,,,,,,,,,,,,,,,,,,,,,,,,,,,,,,,,,,,,,,,,
,,,,,,,,,,,,,,,,,,,,,,,,,,,,,,,,,,,,,,,,,,,,
,,,,,,,,,,,,,,,,,,,,,,,,,,,,,,,,,,,,,,,,,,,,
,,,,,,,,,,,,,,,,,,,,,,,,,,,,,,,,,,,,,,,,,,,,
,,,,,,,,,,,,,,,,,,,,,,,,,,,,,,,,,,,,,,,,,,,,
,,,,,,,,,,,,,,,,,,,,,,,,,,,,,,,,,,,,,,,,,,,,
,,,,,,,,,,,,,,,,,,,,,,,,,,,,,,,,,,,,,,,,,,,,
,,,,,,,,,,,,,,,,,,,,,,,,,,,,,,,,,,,,,,,,,,,,
,,,,,,,,,,,,,,,,,,,,,,,,,,,,,,,,,,,,,,,,,,,,
,,,,,,,,,,,,,,,,,,,,,,,,,,,,,,,,,,,,,,,,,,,,
,,,,,,,,,,,,,,,,,,,,,,,,,,,,,,,,,,,,,,,,,,,,
,,,,,,,,,,,,,,,,,,,,,,,,,,,,,,,,,,,,,,,,,,,,
,,,,,,,,,,,,,,,,,,,,,,,,,,,,,,,,,,,,,,,,,,,,
,,,,,,,,,,,,,,,,,,,,,,,,,,,,,,,,,,,,,,,,,,,,
,,,,,,,,,,,,,,,,,,,,,,,,,,,,,,,,,,,,,,,,,,,,
,,,,,,,,,,,,,,,,,,,,,,,,,,,,,,,,,,,,,,,,,,,,
,,,,,,,,,,,,,,,,,,,,,,,,,,,,,,,,,,,,,,,,,,,,
,,,,,,,,,,,,,,,,,,,,,,,,,,,,,,,,,,,,,,,,,,,,
,,,,,,,,,,,,,,,,,,,,,,,,,,,,,,,,,,,,,,,,,,,,
,,,,,,,,,,,,,,,,,,,,,,,,,,,,,,,,,,,,,,,,,,,,
,,,,,,,,,,,,,,,,,,,,,,,,,,,,,,,,,,,,,,,,,,,,
,,,,,,,,,,,,,,,,,,,,,,,,,,,,,,,,,,,,,,,,,,,,
,,,,,,,,,,,,,,,,,,,,,,,,,,,,,,,,,,,,,,,,,,,,
,,,,,,,,,,,,,,,,,,,,,,,,,,,,,,,,,,,,,,,,,,,,
,,,,,,,,,,,,,,,,,,,,,,,,,,,,,,,,,,,,,,,,,,,,
,,,,,,,,,,,,,,,,,,,,,,,,,,,,,,,,,,,,,,,,,,,,
,,,,,,,,,,,,,,,,,,,,,,,,,,,,,,,,,,,,,,,,,,,,
,,,,,,,,,,,,,,,,,,,,,,,,,,,,,,,,,,,,,,,,,,,,
,,,,,,,,,,,,,,,,,,,,,,,,,,,,,,,,,,,,,,,,,,,,
,,,,,,,,,,,,,,,,,,,,,,,,,,,,,,,,,,,,,,,,,,,,
,,,,,,,,,,,,,,,,,,,,,,,,,,,,,,,,,,,,,,,,,,,,
,,,,,,,,,,,,,,,,,,,,,,,,,,,,,,,,,,,,,,,,,,,,
,,,,,,,,,,,,,,,,,,,,,,,,,,,,,,,,,,,,,,,,,,,,
,,,,,,,,,,,,,,,,,,,,,,,,,,,,,,,,,,,,,,,,,,,,
,,,,,,,,,,,,,,,,,,,,,,,,,,,,,,,,,,,,,,,,,,,,
,,,,,,,,,,,,,,,,,,,,,,,,,,,,,,,,,,,,,,,,,,,,
,,,,,,,,,,,,,,,,,,,,,,,,,,,,,,,,,,,,,,,,,,,,
,,,,,,,,,,,,,,,,,,,,,,,,,,,,,,,,,,,,,,,,,,,,
,,,,,,,,,,,,,,,,,,,,,,,,,,,,,,,,,,,,,,,,,,,,
,,,,,,,,,,,,,,,,,,,,,,,,,,,,,,,,,,,,,,,,,,,,
,,,,,,,,,,,,,,,,,,,,,,,,,,,,,,,,,,,,,,,,,,,,
,,,,,,,,,,,,,,,,,,,,,,,,,,,,,,,,,,,,,,,,,,,,
,,,,,,,,,,,,,,,,,,,,,,,,,,,,,,,,,,,,,,,,,,,,
,,,,,,,,,,,,,,,,,,,,,,,,,,,,,,,,,,,,,,,,,,,,
,,,,,,,,,,,,,,,,,,,,,,,,,,,,,,,,,,,,,,,,,,,,
,,,,,,,,,,,,,,,,,,,,,,,,,,,,,,,,,,,,,,,,,,,,
,,,,,,,,,,,,,,,,,,,,,,,,,,,,,,,,,,,,,,,,,,,,
,,,,,,,,,,,,,,,,,,,,,,,,,,,,,,,,,,,,,,,,,,,,
,,,,,,,,,,,,,,,,,,,,,,,,,,,,,,,,,,,,,,,,,,,,
,,,,,,,,,,,,,,,,,,,,,,,,,,,,,,,,,,,,,,,,,,,,
,,,,,,,,,,,,,,,,,,,,,,,,,,,,,,,,,,,,,,,,,,,,
,,,,,,,,,,,,,,,,,,,,,,,,,,,,,,,,,,,,,,,,,,,,
,,,,,,,,,,,,,,,,,,,,,,,,,,,,,,,,,,,,,,,,,,,,
,,,,,,,,,,,,,,,,,,,,,,,,,,,,,,,,,,,,,,,,,,,,
,,,,,,,,,,,,,,,,,,,,,,,,,,,,,,,,,,,,,,,,,,,,
,,,,,,,,,,,,,,,,,,,,,,,,,,,,,,,,,,,,,,,,,,,,
,,,,,,,,,,,,,,,,,,,,,,,,,,,,,,,,,,,,,,,,,,,,
,,,,,,,,,,,,,,,,,,,,,,,,,,,,,,,,,,,,,,,,,,,,
,,,,,,,,,,,,,,,,,,,,,,,,,,,,,,,,,,,,,,,,,,,,
,,,,,,,,,,,,,,,,,,,,,,,,,,,,,,,,,,,,,,,,,,,,
,,,,,,,,,,,,,,,,,,,,,,,,,,,,,,,,,,,,,,,,,,,,
,,,,,,,,,,,,,,,,,,,,,,,,,,,,,,,,,,,,,,,,,,,,
,,,,,,,,,,,,,,,,,,,,,,,,,,,,,,,,,,,,,,,,,,,,
,,,,,,,,,,,,,,,,,,,,,,,,,,,,,,,,,,,,,,,,,,,,
,,,,,,,,,,,,,,,,,,,,,,,,,,,,,,,,,,,,,,,,,,,,
,,,,,,,,,,,,,,,,,,,,,,,,,,,,,,,,,,,,,,,,,,,,
,,,,,,,,,,,,,,,,,,,,,,,,,,,,,,,,,,,,,,,,,,,,
,,,,,,,,,,,,,,,,,,,,,,,,,,,,,,,,,,,,,,,,,,,,
,,,,,,,,,,,,,,,,,,,,,,,,,,,,,,,,,,,,,,,,,,,,
,,,,,,,,,,,,,,,,,,,,,,,,,,,,,,,,,,,,,,,,,,,,
,,,,,,,,,,,,,,,,,,,,,,,,,,,,,,,,,,,,,,,,,,,,
,,,,,,,,,,,,,,,,,,,,,,,,,,,,,,,,,,,,,,,,,,,,
,,,,,,,,,,,,,,,,,,,,,,,,,,,,,,,,,,,,,,,,,,,,
,,,,,,,,,,,,,,,,,,,,,,,,,,,,,,,,,,,,,,,,,,,,
,,,,,,,,,,,,,,,,,,,,,,,,,,,,,,,,,,,,,,,,,,,,
,,,,,,,,,,,,,,,,,,,,,,,,,,,,,,,,,,,,,,,,,,,,
,,,,,,,,,,,,,,,,,,,,,,,,,,,,,,,,,,,,,,,,,,,,
,,,,,,,,,,,,,,,,,,,,,,,,,,,,,,,,,,,,,,,,,,,,
,,,,,,,,,,,,,,,,,,,,,,,,,,,,,,,,,,,,,,,,,,,,
,,,,,,,,,,,,,,,,,,,,,,,,,,,,,,,,,,,,,,,,,,,,
,,,,,,,,,,,,,,,,,,,,,,,,,,,,,,,,,,,,,,,,,,,,
,,,,,,,,,,,,,,,,,,,,,,,,,,,,,,,,,,,,,,,,,,,,
,,,,,,,,,,,,,,,,,,,,,,,,,,,,,,,,,,,,,,,,,,,,
,,,,,,,,,,,,,,,,,,,,,,,,,,,,,,,,,,,,,,,,,,,,
,,,,,,,,,,,,,,,,,,,,,,,,,,,,,,,,,,,,,,,,,,,,
,,,,,,,,,,,,,,,,,,,,,,,,,,,,,,,,,,,,,,,,,,,,
,,,,,,,,,,,,,,,,,,,,,,,,,,,,,,,,,,,,,,,,,,,,
,,,,,,,,,,,,,,,,,,,,,,,,,,,,,,,,,,,,,,,,,,,,
,,,,,,,,,,,,,,,,,,,,,,,,,,,,,,,,,,,,,,,,,,,,
,,,,,,,,,,,,,,,,,,,,,,,,,,,,,,,,,,,,,,,,,,,,
,,,,,,,,,,,,,,,,,,,,,,,,,,,,,,,,,,,,,,,,,,,,
,,,,,,,,,,,,,,,,,,,,,,,,,,,,,,,,,,,,,,,,,,,,
,,,,,,,,,,,,,,,,,,,,,,,,,,,,,,,,,,,,,,,,,,,,
,,,,,,,,,,,,,,,,,,,,,,,,,,,,,,,,,,,,,,,,,,,,
,,,,,,,,,,,,,,,,,,,,,,,,,,,,,,,,,,,,,,,,,,,,
,,,,,,,,,,,,,,,,,,,,,,,,,,,,,,,,,,,,,,,,,,,,
,,,,,,,,,,,,,,,,,,,,,,,,,,,,,,,,,,,,,,,,,,,,
,,,,,,,,,,,,,,,,,,,,,,,,,,,,,,,,,,,,,,,,,,,,
