"ticket_id","Data_iso","inicio_dt","fim_dt","tempo_min","Data","Motivo","Responsável","Status","Hora Início","Hora Fim","Tempo de Conclusão (TMA)","SLA_fila","Assertividade"
"#930269","2026-01-01","2026-01-01 06:02:00","2026-01-01 06:06:00","4","1/1/2026","KYC/Reembolso","Lucas","Em espera","06:02","06:06","4","",""
"#937163","2026-01-02","2026-01-02 21:23:00","2026-01-02 22:17:00","54","1/2/2026","Bloqueio/Fraude/Kyc","Lucas","Aberto","21:23","22:17","54","",""
"#937180","2026-01-02","2026-01-02 22:19:00","2026-01-02 22:22:00","3","1/2/2026","Bloqueio/Fraude/Kyc","Lucas","Aberto","22:19","22:22","3","",""
"#937412","2026-01-02","2026-01-02 22:46:00","2026-01-02 22:48:00","2","1/2/2026","Bloqueio/Fraude/Kyc","Lucas","Aberto","22:46","22:48","2","",""
"#937331","2026-01-02","2026-01-02 22:51:00","2026-01-02 22:54:00","3","1/2/2026","Financeiro (Depósito, saque e Devolução)","Lucas","Aberto","22:51","22:54","3","",""
"#937674","2026-01-03","2026-01-03 01:42:00","2026-01-03 01:43:00","1","1/3/2026","Giros","Bárbara","Em espera","01:42","01:43","1","",""
"#937685","2026-01-03","2026-01-03 01:52:00","2026-01-03 01:53:00","1","1/3/2026","Giros","Bárbara","Em espera","01:52","01:53","1","",""
"#937770","2026-01-03","2026-01-03 02:00:00","2026-01-03 02:01:00","1","1/3/2026","Giros","Bárbara","Em espera","02:00","02:01","1","",""
"#937787","2026-01-03","2026-01-03 02:14:00","2026-01-03 02:23:00","9","1/3/2026","Indique e ganhe","Bárbara","Aberto","02:14","02:23","9","",""
"#938252","2026-01-03","2026-01-03 02:32:00","2026-01-03 02:41:00","9","1/3/2026","Bloqueio/Fraude/Kyc","Bárbara","Aberto","02:32","02:41","9","",""
"#937958","2026-01-03","2026-01-03 02:50:00","2026-01-03 02:52:00","2","1/3/2026","Bloqueio/Fraude","Bárbara","Aberto","02:50","02:52","2","",""
"#937696","2026-01-03","2026-01-03 02:48:00","2026-01-03 02:54:00","6","1/3/2026","KYC/Reembolso","Bárbara","Aberto","02:48","02:54","6","",""
"#938342","2026-01-03","2026-01-03 03:07:00","2026-01-03 03:10:00","3","1/3/2026","Financeiro (Depósito, saque e Devolução)","Bárbara","Aberto","03:07","03:10","3","",""
"#938403","2026-01-03","2026-01-03 04:42:00","2026-01-03 04:47:00","5","1/3/2026","Cassino","Bárbara","Aberto","04:42","04:47","5","",""
"#938548","2026-01-03","2026-01-03 05:25:00","2026-01-03 05:26:00","1","1/3/2026","Giros","Bárbara","Em espera","05:25","05:26","1","",""
"#938556","2026-01-03","2026-01-03 05:28:00","2026-01-03 05:32:00","4","1/3/2026","Bloqueio/Fraude/Kyc","Bárbara","Aberto","05:28","05:32","4","",""
"#938552","2026-01-03","2026-01-03 05:37:00","2026-01-03 05:38:00","1","1/3/2026","Giros","Bárbara","Em espera","05:37","05:38","1","",""
"#929178","2026-01-03","2026-01-03 05:40:00","2026-01-03 05:42:00","2","1/3/2026","Giros","Bárbara","Aberto","05:40","05:42","2","",""
"#938614","2026-01-03","2026-01-03 06:17:00","2026-01-03 06:19:00","2","1/3/2026","Giros","Bárbara","Aberto","06:17","06:19","2","",""
"#938613","2026-01-03","2026-01-03 06:20:00","2026-01-03 06:36:00","16","1/3/2026","Campanhas/CRM","Bárbara","Aberto","06:20","06:36","16","",""
"#938654","2026-01-03","","","","1/3/2026","Giros","Bárbara","Em espera","","","","",""
"#943603","2026-01-04","2026-01-04 20:07:00","2026-01-04 20:10:00","3","1/4/2026","Aposta esportiva","Bárbara","Aberto","20:07","20:10","3","",""
"#943767","2026-01-04","2026-01-04 20:12:00","2026-01-04 20:17:00","5","1/4/2026","Troca de E-mail","Bárbara","Aberto","20:12","20:17","5","",""
"#944004","2026-01-04","2026-01-04 21:36:00","2026-01-04 21:50:00","","1/4/2026","Financeiro (Depósito, saque e Devolução)","Bárbara","Aberto","21:36","21:50","","",""
"#944017","2026-01-04","2026-01-04 22:38:00","2026-01-04 22:40:00","2","1/4/2026","Financeiro (Depósito, saque e Devolução)","Bárbara","Aberto","22:38","22:40","2","",""
"#944295","2026-01-05","2026-01-05 00:19:00","2026-01-05 00:27:00","8","1/5/2026","Troca de E-mail","Bárbara","Aberto","00:19","00:27","8","",""
"#944256","2026-01-05","2026-01-05 00:54:00","2026-01-05 01:00:00","6","1/5/2026","Financeiro (Depósito, saque e Devolução)","Bárbara","Aberto","00:54","01:00","6","",""
"#944120","2026-01-05","2026-01-05 01:10:00","","","1/5/2026","Giros","Lucas","Aberto","01:10","","","",""
"#944171","2026-01-05","2026-01-05 01:24:00","2026-01-05 01:30:00","6","1/5/2026","Cashback","Lucas","Aberto","01:24","01:30","6","",""
"#944336","2026-01-05","2026-01-05 02:02:00","2026-01-05 02:04:00","2","1/5/2026","Cashback","Lucas","Aberto","02:02","02:04","2","",""
"#944387","2026-01-05","2026-01-05 02:06:00","2026-01-05 02:11:00","5","1/5/2026","KYC/Reembolso","Lucas","Aberto","02:06","02:11","5","",""
"#944471","2026-01-05","2026-01-05 02:12:00","2026-01-05 02:16:00","4","1/5/2026","KYC/Reembolso","Lucas","Aberto","02:12","02:16","4","",""
"#944669","2026-01-05","2026-01-05 02:48:00","2026-01-05 03:03:00","","1/5/2026","KYC/Reembolso","Lucas","Aberto","02:48","03:03","","",""
"#944268","2026-01-05","2026-01-05 03:08:00","","","1/5/2026","Missão","Lucas","Aberto","03:08","","","",""
"#944603","2026-01-05","2026-01-05 04:07:00","2026-01-05 04:09:00","2","1/5/2026","Missão","Lucas","Aberto","04:07","04:09","2","",""
"#944746","2026-01-05","2026-01-05 05:07:00","2026-01-05 05:15:00","","1/5/2026","Campanhas/CRM","Lucas","Aberto","05:07","05:15","","",""
"#944761","2026-01-05","2026-01-05 06:05:00","2026-01-05 06:07:00","2","1/5/2026","Campanhas/CRM","Lucas","Aberto","06:05","06:07","2","",""
"#944762","2026-01-05","2026-01-05 06:10:00","","","1/5/2026","Campanhas/CRM","Lucas","Aberto","06:10","","","",""
"#944770","2026-01-05","2026-01-05 06:12:00","","","1/5/2026","KYC/Reembolso","Lucas","Aberto","06:12","","","",""
"#950070","2026-01-06","2026-01-06 19:41:00","2026-01-06 19:48:00","7","1/6/2026","KYC/Reembolso","Lucas","Aberto","19:41","19:48","7","",""
"#950085","2026-01-06","2026-01-06 19:54:00","2026-01-06 19:56:00","2","1/6/2026","Indique e ganhe","Lucas","Aberto","19:54","19:56","2","",""
"#950173","2026-01-06","2026-01-06 20:47:00","2026-01-06 20:53:00","","1/6/2026","Giros","Lucas","Aberto","20:47","20:53","","",""
"#950289","2026-01-06","2026-01-06 21:25:00","2026-01-06 21:26:00","1","1/6/2026","Bloqueio/Fraude","Lucas","Aberto","21:25","21:26","1","",""
"#950526","2026-01-06","2026-01-06 21:01:00","2026-01-06 21:31:00","30","1/6/2026","KYC/Reembolso","Lucas","Aberto","21:01","21:31","30","",""
"#950387","2026-01-06","2026-01-06 21:32:00","2026-01-06 21:54:00","22","1/6/2026","KYC/Reembolso","Lucas","Aberto","21:32","21:54","22","",""
"#950533","2026-01-06","2026-01-06 21:40:00","2026-01-06 21:45:00","5","1/6/2026","KYC/Reembolso","Lucas","Aberto","21:40","21:45","5","",""
"#950747","2026-01-06","2026-01-06 22:01:00","2026-01-06 22:09:00","8","1/6/2026","KYC/Reembolso","Lucas","Aberto","22:01","22:09","8","",""
"#950707","2026-01-06","2026-01-06 22:11:00","2026-01-06 22:21:00","10","1/6/2026","KYC/Reembolso","Lucas","Aberto","22:11","22:21","10","",""
"#950653","2026-01-06","2026-01-06 22:28:00","2026-01-06 22:35:00","7","1/6/2026","KYC/Reembolso","Lucas","Aberto","22:28","22:35","7","",""
"#949995","2026-01-06","2026-01-06 22:38:00","2026-01-06 22:52:00","14","1/6/2026","Giros","Lucas","Aberto","22:38","22:52","14","",""
"#951101","2026-01-07","2026-01-07 02:03:00","2026-01-07 02:32:00","29","1/7/2026","Giros","Bárbara","Aberto","02:03","02:32","29","",""
"#951203","2026-01-07","2026-01-07 02:35:00","2026-01-07 02:39:00","4","1/7/2026","KYC/Reembolso","Bárbara","Aberto","02:35","02:39","4","",""
"#951122","2026-01-07","2026-01-07 02:42:00","2026-01-07 02:46:00","4","1/7/2026","KYC/Reembolso","Bárbara","Aberto","02:42","02:46","4","",""
"#951267","2026-01-07","2026-01-07 02:53:00","2026-01-07 03:01:00","8","1/7/2026","Giros","Bárbara","Aberto","02:53","03:01","8","",""
"#951275","2026-01-07","2026-01-07 03:02:00","2026-01-07 03:04:00","2","1/7/2026","Giros","Bárbara","Aberto","03:02","03:04","2","",""
"#952012","2026-01-07","2026-01-07 03:06:00","2026-01-07 03:10:00","4","1/7/2026","KYC/Reembolso","Bárbara","Aberto","03:06","03:10","4","",""
"#951677","2026-01-07","2026-01-07 03:07:00","2026-01-07 03:08:00","1","1/7/2026","KYC/Reembolso","Lucas","Aberto","03:07","03:08","1","",""
"#950447","2026-01-07","2026-01-07 03:14:00","2026-01-07 03:17:00","3","1/7/2026","Cassino","Lucas","Aberto","03:14","03:17","3","",""
"#951968","2026-01-07","2026-01-07 03:15:00","2026-01-07 03:16:00","1","1/7/2026","KYC/Reembolso","Bárbara","Em espera","03:15","03:16","1","",""
"#952194","2026-01-07","2026-01-07 04:34:00","2026-01-07 04:36:00","2","1/7/2026","Giros","Lucas","Aberto","04:34","04:36","2","",""
"#952160","2026-01-07","2026-01-07 05:52:00","2026-01-07 06:02:00","","1/7/2026","Giros","Bárbara","Aberto","05:52","06:02","","",""
"#952242","2026-01-07","2026-01-07 06:52:00","2026-01-07 06:54:00","2","1/7/2026","Aposta esportiva","Bárbara","Aberto","06:52","06:54","2","",""
"#952292","2026-01-07","2026-01-07 06:23:00","2026-01-07 06:26:00","3","1/7/2026","Giros","Bárbara","Aberto","06:23","06:26","3","",""
"#961993","2026-01-08","2026-01-08 19:38:00","2026-01-08 19:44:00","6","1/8/2026","KYC/Reembolso","Bárbara","Aberto","19:38","19:44","6","",""
"#963654","2026-01-09","2026-01-09 02:26:00","2026-01-09 03:11:00","45","1/9/2026","Financeiro (Depósito, saque e Devolução)","Lucas","Aberto","02:26","03:11","45","",""
"#963626","2026-01-09","2026-01-09 02:45:00","2026-01-09 02:46:00","1","1/9/2026","Bloqueio/Fraude","Bárbara","Em espera","02:45","02:46","1","",""
"#963500","2026-01-09","2026-01-09 02:46:00","2026-01-09 02:47:00","1","1/9/2026","Bloqueio/Fraude","Bárbara","Em espera","02:46","02:47","1","",""
"#962630","2026-01-09","2026-01-09 02:25:00","2026-01-09 02:49:00","24","1/9/2026","KYC/Reembolso","Bárbara","Aberto","02:25","02:49","24","",""
"#962678","2026-01-09","2026-01-09 03:09:00","2026-01-09 03:11:00","2","1/9/2026","KYC/Reembolso","Bárbara","Aberto","03:09","03:11","2","",""
"#962578","2026-01-09","2026-01-09 03:07:00","2026-01-09 03:22:00","15","1/9/2026","KYC/Reembolso","Lucas","Aberto","03:07","03:22","15","",""
"#962483","2026-01-09","2026-01-09 03:12:00","2026-01-09 03:15:00","3","1/9/2026","KYC/Reembolso","Lucas","Aberto","03:12","03:15","3","",""
"#964251","2026-01-09","2026-01-09 03:24:00","2026-01-09 03:51:00","27","1/9/2026","Indique e ganhe","Lucas","Aberto","03:24","03:51","27","",""
"#962392","2026-01-09","2026-01-09 03:36:00","2026-01-09 03:45:00","00:00","1/9/2026","KYC/Reembolso","Lucas","Aberto","03:36","03:45","00:00","",""
"#965175","2026-01-09","2026-01-09 04:13:00","2026-01-09 05:50:00","97","1/9/2026","PVE","Lucas","Aberto","04:13","05:50","97","",""
"#961845","2026-01-09","2026-01-09 03:57:00","2026-01-09 04:07:00","10","1/9/2026","Cashback","Lucas","Em espera","03:57","04:07","10","",""
"#961814","2026-01-09","2026-01-09 04:22:00","2026-01-09 04:26:00","4","1/9/2026","Cashback","Lucas","Em espera","04:22","04:26","4","",""
"#961327","2026-01-09","2026-01-09 04:29:00","2026-01-09 04:39:00","10","1/9/2026","Erro Plataforma","Lucas","Aberto","04:29","04:39","10","",""
"#961269","2026-01-09","2026-01-09 04:42:00","2026-01-09 04:44:00","2","1/9/2026","Cashback","Lucas","Em espera","04:42","04:44","2","",""
"#961248","2026-01-09","2026-01-09 04:45:00","2026-01-09 05:26:00","41","1/9/2026","Cashback","Lucas","Aberto","04:45","05:26","41","",""
"#961150","2026-01-09","2026-01-09 05:27:00","2026-01-09 05:38:00","11","1/9/2026","Troca de E-mail","Lucas","Aberto","05:27","05:38","11","",""
"#965188","2026-01-09","2026-01-09 05:44:00","2026-01-09 05:50:00","6","1/9/2026","Bloqueio/Fraude","Bárbara","Aberto","05:44","05:50","6","",""
"#963765","2026-01-09","2026-01-09 05:52:00","2026-01-09 05:53:00","1","1/9/2026","PVE","Lucas","Aberto","05:52","05:53","1","",""
"#976466","2026-01-10","2026-01-10 19:44:00","2026-01-10 19:49:00","","1/10/2026","KYC/Reembolso","Lucas","Aberto","19:44","19:49","","",""
"#976146","2026-01-10","2026-01-10 19:50:00","2026-01-10 19:55:00","5","1/10/2026","Cashback","Lucas","Em espera","19:50","19:55","5","",""
"#976799","2026-01-10","2026-01-10 20:01:00","2026-01-10 20:04:00","3","1/10/2026","Bloqueio/Fraude/Kyc","Lucas","Aberto","20:01","20:04","3","",""
"#976316","2026-01-10","2026-01-10 20:22:00","2026-01-10 20:25:00","3","1/10/2026","KYC/Reembolso","Lucas","Aberto","20:22","20:25","3","",""
"#974960","2026-01-10","2026-01-10 21:16:00","2026-01-10 21:20:00","4","1/10/2026","PVE","Lucas","Aberto","21:16","21:20","4","",""
"#976942","2026-01-10","2026-01-10 21:42:00","2026-01-10 21:46:00","4","1/10/2026","Cashback","Lucas","Em espera","21:42","21:46","4","",""
"#977033","2026-01-10","2026-01-10 21:59:00","2026-01-10 22:03:00","4","1/10/2026","Cashback","Lucas","Aberto","21:59","22:03","4","",""
"#977286","2026-01-10","2026-01-10 22:06:00","2026-01-10 22:14:00","8","1/10/2026","Financeiro (Depósito, saque e Devolução)","Lucas","Aberto","22:06","22:14","8","",""
"#976888","2026-01-10","2026-01-10 22:16:00","2026-01-10 22:17:00","1","1/10/2026","Cashback","Lucas","Em espera","22:16","22:17","1","",""
"#977309","2026-01-10","2026-01-10 23:17:00","2026-01-10 23:22:00","5","1/10/2026","Cashback","Lucas","Em espera","23:17","23:22","5","",""
"#977497","2026-01-11","2026-01-11 00:01:00","2026-01-11 00:04:00","3","1/11/2026","KYC/Reembolso","Lucas","Aberto","00:01","00:04","3","",""
"#978511","2026-01-11","2026-01-11 03:04:00","2026-01-11 03:14:00","10","1/11/2026","KYC/Reembolso","Bárbara","Aberto","03:04","03:14","10","",""
"#978215","2026-01-11","2026-01-11 03:53:00","2026-01-11 03:55:00","2","1/11/2026","Campanhas/CRM","Bárbara","Aberto","03:53","03:55","2","",""
"#978801","2026-01-11","2026-01-11 05:37:00","2026-01-11 05:39:00","2","1/11/2026","KYC/Reembolso","Bárbara","Aberto","05:37","05:39","2","",""
"#978823","2026-01-11","2026-01-11 05:55:00","2026-01-11 06:14:00","19","1/11/2026","Financeiro (Depósito, saque e Devolução)","Bárbara","Aberto","05:55","06:14","19","",""
"#978839","2026-01-11","2026-01-11 06:45:00","2026-01-11 06:55:00","10","1/11/2026","Campanhas/CRM","Bárbara","Aberto","06:45","06:55","10","",""
"#968008","2026-01-12","2026-01-12 19:27:00","2026-01-12 19:28:00","","1/12/2026","Campanhas/CRM","Bárbara","Em espera","19:27","19:28","","",""
"#969481","2026-01-12","2026-01-12 19:43:00","2026-01-12 19:44:00","1","1/12/2026","Campanhas/CRM","Bárbara","Em espera","19:43","19:44","1","",""
"#983829","2026-01-12","2026-01-12 19:56:00","2026-01-12 19:58:00","2","1/12/2026","Campanhas/CRM","Bárbara","Aberto","19:56","19:58","2","",""
"#984529","2026-01-12","2026-01-12 20:07:00","2026-01-12 20:12:00","5","1/12/2026","Campanhas/CRM","Bárbara","Aberto","20:07","20:12","5","",""
"#984965","2026-01-12","2026-01-12 20:40:00","2026-01-12 20:42:00","2","1/12/2026","Campanhas/CRM","Bárbara","Aberto","20:40","20:42","2","",""
"#986681","2026-01-12","2026-01-12 20:52:00","2026-01-12 20:55:00","3","1/12/2026","Financeiro (Depósito, saque e Devolução)","Bárbara","Aberto","20:52","20:55","3","",""
"#986504","2026-01-12","2026-01-12 20:55:00","2026-01-12 20:59:00","4","1/12/2026","Troca de E-mail","Bárbara","Aberto","20:55","20:59","4","",""
"#986482","2026-01-12","2026-01-12 21:11:00","2026-01-12 21:14:00","3","1/12/2026","KYC/Reembolso","Bárbara","Aberto","21:11","21:14","3","",""
"#986247","2026-01-12","2026-01-12 21:28:00","2026-01-12 21:29:00","1","1/12/2026","Bloqueio/Fraude/Kyc","Bárbara","Em espera","21:28","21:29","1","",""
"#986239","2026-01-12","2026-01-12 21:37:00","2026-01-12 21:38:00","1","1/12/2026","Bloqueio/Fraude/Kyc","Bárbara","Em espera","21:37","21:38","1","",""
"#985502","2026-01-12","2026-01-12 21:43:00","2026-01-12 21:48:00","","1/12/2026","KYC/Reembolso","Bárbara","Aberto","21:43","21:48","","",""
"#970324","2026-01-12","2026-01-12 21:55:00","2026-01-12 21:58:00","3","1/12/2026","Financeiro (Depósito, saque e Devolução)","Bárbara","Aberto","21:55","21:58","3","",""
"#968277","2026-01-12","2026-01-12 22:03:00","2026-01-12 22:08:00","5","1/12/2026","Aposta esportiva","Bárbara","Aberto","22:03","22:08","5","",""
"#985631","2026-01-12","2026-01-12 22:11:00","2026-01-12 22:13:00","2","1/12/2026","Giros","Bárbara","Aberto","22:11","22:13","2","",""
"#958830","2026-01-12","","","","1/12/2026","","","","","","","",""
"#986977","2026-01-12","2026-01-12 22:36:00","2026-01-12 22:41:00","5","1/12/2026","Giros","Bárbara","Aberto","22:36","22:41","5","",""
"#986656","2026-01-13","2026-01-13 01:21:00","2026-01-13 01:23:00","2","1/13/2026","Cashback","Lucas","Em espera","01:21","01:23","2","",""
"#987260","2026-01-13","2026-01-13 01:24:00","2026-01-13 01:26:00","2","1/13/2026","Troca de E-mail","Lucas","Aberto","01:24","01:26","2","",""
"#987350","2026-01-13","2026-01-13 01:30:00","2026-01-13 01:31:00","1","1/13/2026","Cashback","Lucas","Aberto","01:30","01:31","1","",""
"#987447","2026-01-13","2026-01-13 01:31:00","2026-01-13 01:33:00","2","1/13/2026","Giros","Lucas","Aberto","01:31","01:33","2","",""
"#987971","2026-01-13","2026-01-13 02:32:00","2026-01-13 02:35:00","3","1/13/2026","Bloqueio/Fraude","Lucas","Aberto","02:32","02:35","3","",""
"#987862","2026-01-13","2026-01-13 03:59:00","2026-01-13 04:01:00","2","1/13/2026","KYC/Reembolso","Lucas","Aberto","03:59","04:01","2","",""
"#988087","2026-01-13","2026-01-13 04:32:00","2026-01-13 04:36:00","4","1/13/2026","Cashback","Lucas","Aberto","04:32","04:36","4","",""
"#988180","2026-01-13","2026-01-13 05:22:00","2026-01-13 05:24:00","2","1/13/2026","KYC/Reembolso","Lucas","Aberto","05:22","05:24","2","",""
"#988083","2026-01-13","2026-01-13 05:29:00","2026-01-13 05:34:00","5","1/13/2026","Cashback","Lucas","Aberto","05:29","05:34","5","",""
"#988178","2026-01-13","2026-01-13 05:39:00","2026-01-13 05:49:00","10","1/13/2026","Indique e ganhe","Lucas","Aberto","05:39","05:49","10","",""
"#988221","2026-01-13","2026-01-13 06:24:00","2026-01-13 06:47:00","23","1/13/2026","Cashback","Lucas","Em espera","06:24","06:47","23","",""
"#995767","2026-01-14","2026-01-14 19:43:00","2026-01-14 19:44:00","1","1/14/2026","KYC/Reembolso","Lucas","Em espera","19:43","19:44","1","",""
"#995435","2026-01-14","2026-01-14 19:47:00","2026-01-14 19:49:00","2","1/14/2026","Bloqueio/Fraude","Lucas","Aberto","19:47","19:49","2","",""
"#995918","2026-01-14","2026-01-14 20:14:00","2026-01-14 20:15:00","1","1/14/2026","KYC/Reembolso","Lucas","Aberto","20:14","20:15","1","",""
"#995667","2026-01-14","2026-01-14 20:35:00","2026-01-14 20:36:00","1","1/14/2026","KYC/Reembolso","Lucas","Em espera","20:35","20:36","1","",""
"#995411","2026-01-14","2026-01-14 20:51:00","2026-01-14 20:52:00","1","1/14/2026","KYC/Reembolso","Lucas","Em espera","20:51","20:52","1","",""
"#996120","2026-01-14","2026-01-14 20:53:00","2026-01-14 20:56:00","3","1/14/2026","KYC/Reembolso","Lucas","Em espera","20:53","20:56","3","",""
"#996118","2026-01-14","2026-01-14 20:57:00","2026-01-14 20:59:00","2","1/14/2026","KYC/Reembolso","Lucas","Em espera","20:57","20:59","2","",""
"#995997","2026-01-14","2026-01-14 21:03:00","2026-01-14 21:06:00","3","1/14/2026","KYC/Reembolso","Lucas","Em espera","21:03","21:06","3","",""
"#995397","2026-01-14","2026-01-14 21:11:00","2026-01-14 21:12:00","1","1/14/2026","KYC/Reembolso","Lucas","Em espera","21:11","21:12","1","",""
"#995361","2026-01-14","2026-01-14 21:16:00","2026-01-14 21:18:00","2","1/14/2026","Troca de E-mail","Lucas","Aberto","21:16","21:18","2","",""
"#994870","2026-01-14","2026-01-14 21:23:00","2026-01-14 21:25:00","2","1/14/2026","KYC/Reembolso","Lucas","Em espera","21:23","21:25","2","",""
"#994777","2026-01-14","2026-01-14 21:28:00","2026-01-14 21:32:00","4","1/14/2026","KYC/Reembolso","Lucas","Em espera","21:28","21:32","4","",""
"#994681","2026-01-14","2026-01-14 21:49:00","2026-01-14 21:51:00","2","1/14/2026","KYC/Reembolso","Lucas","Em espera","21:49","21:51","2","",""
"#993894","2026-01-14","2026-01-14 21:59:00","2026-01-14 22:00:00","1","1/14/2026","KYC/Reembolso","Lucas","Em espera","21:59","22:00","1","",""
"#993842","2026-01-14","2026-01-14 22:06:00","2026-01-14 22:07:00","1","1/14/2026","Troca de E-mail","Lucas","Aberto","22:06","22:07","1","",""
"#996363","2026-01-14","2026-01-14 22:27:00","2026-01-14 22:31:00","4","1/14/2026","Troca de E-mail","Lucas","Em espera","22:27","22:31","4","",""
"#995810","2026-01-14","2026-01-14 22:34:00","2026-01-14 22:35:00","1","1/14/2026","Bloqueio/Fraude/Kyc","Lucas","Aberto","22:34","22:35","1","",""
"#995567","2026-01-14","2026-01-14 22:40:00","2026-01-14 22:47:00","7","1/14/2026","Campanhas/CRM","Lucas","Aberto","22:40","22:47","7","",""
"#994348","2026-01-14","2026-01-14 22:51:00","2026-01-14 22:56:00","5","1/14/2026","KYC/Reembolso","Lucas","Em espera","22:51","22:56","5","",""
"#996364","2026-01-14","2026-01-14 23:20:00","2026-01-14 23:32:00","12","1/14/2026","Giros","Lucas","Aberto","23:20","23:32","12","",""
"#996618","2026-01-14","2026-01-14 23:33:00","2026-01-14 23:40:00","7","1/14/2026","KYC/Reembolso","Lucas","Aberto","23:33","23:40","7","",""
"#996747","2026-01-14","2026-01-14 23:56:00","2026-01-14 00:01:00","5","1/14/2026","KYC/Reembolso","Lucas","Aberto","23:56","00:01","5","",""
"#995583","2026-01-14","2026-01-14 01:28:00","2026-01-14 02:06:00","38","1/14/2026","Cashback","Lucas","Aberto","01:28","02:06","38","",""
"#996761","2026-01-14","2026-01-14 02:17:00","2026-01-14 02:18:00","1","1/14/2026","Cashback","Lucas","Aberto","02:17","02:18","1","",""
"#995042","2026-01-14","2026-01-14 02:27:00","2026-01-14 02:29:00","2","1/14/2026","Giros","Lucas","Aberto","02:27","02:29","2","",""
"#994840","2026-01-14","2026-01-14 02:31:00","2026-01-14 02:33:00","2","1/14/2026","Bloqueio/Fraude","Lucas","Aberto","02:31","02:33","2","",""
"#994817","2026-01-14","2026-01-14 03:06:00","2026-01-14 03:08:00","2","1/14/2026","KYC/Reembolso","Lucas","Em espera","03:06","03:08","2","",""
"#994444","2026-01-15","2026-01-15 03:15:00","2026-01-15 03:19:00","4","1/15/2026","Cashback","Lucas","Aberto","03:15","03:19","4","",""
"#997366","2026-01-15","2026-01-15 03:21:00","2026-01-15 03:24:00","3","1/15/2026","KYC/Reembolso","Lucas","Aberto","03:21","03:24","3","",""
"#994383","2026-01-15","2026-01-15 03:27:00","2026-01-15 03:32:00","5","1/15/2026","Bloqueio/Fraude","Lucas","Aberto","03:27","03:32","5","",""
"#994349","2026-01-15","2026-01-15 03:43:00","2026-01-15 03:45:00","2","1/15/2026","Cashback","Lucas","Aberto","03:43","03:45","2","",""
"#997323","2026-01-15","2026-01-15 03:55:00","2026-01-15 03:56:00","1","1/15/2026","KYC/Reembolso","Lucas","Aberto","03:55","03:56","1","",""
"#995410","2026-01-15","2026-01-15 04:08:00","2026-01-15 04:09:00","1","1/15/2026","Cashback","Lucas","Em espera","04:08","04:09","1","",""
"#990742","2026-01-15","2026-01-15 04:25:00","2026-01-15 04:28:00","3","1/15/2026","Cashback","Lucas","Em espera","04:25","04:28","3","",""
"#994046","2026-01-15","2026-01-15 04:43:00","2026-01-15 04:44:00","1","1/15/2026","Cashback","Lucas","Em espera","04:43","04:44","1","",""
"#994048","2026-01-15","2026-01-15 04:48:00","2026-01-15 04:50:00","2","1/15/2026","Cashback","Lucas","Em espera","04:48","04:50","2","",""
"#995286","2026-01-15","2026-01-15 04:59:00","2026-01-15 05:00:00","1","1/15/2026","Cashback","Lucas","Em espera","04:59","05:00","1","",""
"#995077","2026-01-15","2026-01-15 05:05:00","2026-01-15 05:06:00","1","1/15/2026","Cashback","Lucas","Em espera","05:05","05:06","1","",""
"#994896","2026-01-15","2026-01-15 05:12:00","2026-01-15 06:27:00","75","1/15/2026","Erro Plataforma","Lucas","Em espera","05:12","06:27","75","",""
"#994000","2026-01-15","2026-01-15 05:29:00","2026-01-15 05:30:00","1","1/15/2026","Cashback","Lucas","Em espera","05:29","05:30","1","",""
"#995211","2026-01-15","2026-01-15 05:49:00","2026-01-15 05:52:00","3","1/15/2026","Financeiro (Depósito, saque e Devolução)","Lucas","Aberto","05:49","05:52","3","",""
"#852569","2026-01-15","2026-01-15 01:14:00","2026-01-15 01:15:00","1","1/15/2026","Cashback","Bárbara","Em espera","01:14","01:15","1","",""
"#983905","2026-01-15","2026-01-15 03:34:00","2026-01-15 03:38:00","4","1/15/2026","Cashback","Bárbara","Aberto","03:34","03:38","4","",""
"#984574","2026-01-15","2026-01-15 03:57:00","2026-01-15 04:00:00","3","1/15/2026","Cashback","Bárbara","Aberto","03:57","04:00","3","",""
"#996879","2026-01-15","2026-01-15 03:57:00","2026-01-15 04:00:00","3","1/15/2026","Giros","Bárbara","Aberto","03:57","04:00","3","",""
"#989576","2026-01-15","2026-01-15 04:16:00","2026-01-15 04:17:00","1","1/15/2026","Cashback","Bárbara","Aberto","04:16","04:17","1","",""
"#990514","2026-01-15","","","","1/15/2026","Cashback","Bárbara","Aberto","","","","",""
"#995492","2026-01-15","2026-01-15 04:59:00","","","1/15/2026","Cashback","Bárbara","Aberto","04:59","","","",""
"#/997466","2026-01-15","2026-01-15 05:03:00","2026-01-15 05:13:00","10","1/15/2026","Troca de E-mail","Bárbara","Aberto","05:03","05:13","10","",""
"#994227","2026-01-15","2026-01-15 05:18:00","2026-01-15 05:19:00","1","1/15/2026","Cashback","Bárbara","Aberto","05:18","05:19","1","",""
"#990765","2026-01-15","2026-01-15 05:43:00","2026-01-15 05:48:00","5","1/15/2026","Cashback","Bárbara","Aberto","05:43","05:48","5","",""
"#989480","2026-01-15","2026-01-15 06:14:00","2026-01-15 06:19:00","5","1/15/2026","Cashback","Bárbara","Aberto","06:14","06:19","5","",""
"#989494","2026-01-15","2026-01-15 06:27:00","2026-01-15 06:28:00","1","1/15/2026","Indique e ganhe","Bárbara","Aberto","06:27","06:28","1","",""
"#989822","2026-01-15","2026-01-15 06:48:00","2026-01-15 06:49:00","","1/15/2026","Auto Exclusão","Bárbara","Aberto","06:48","06:49","","",""
"#1005377","2026-01-16","2026-01-16 19:34:00","2026-01-16 19:41:00","7","1/16/2026","Indique e ganhe","Bárbara","Aberto","19:34","19:41","7","",""
"#1005605","2026-01-16","2026-01-16 20:40:00","2026-01-16 20:42:00","2","1/16/2026","Cashback","Bárbara","Aberto","20:40","20:42","2","",""
"#29176843","2026-01-16","2026-01-16 20:45:00","2026-01-16 20:55:00","10","1/16/2026","Cashback","Bárbara","Aberto","20:45","20:55","10","",""
"#29446700","2026-01-16","2026-01-16 21:14:00","2026-01-16 21:15:00","1","1/16/2026","Cashback","Bárbara","Aberto","21:14","21:15","1","",""
"#1005792","2026-01-16","2026-01-16 21:30:00","2026-01-16 21:31:00","1","1/16/2026","Cashback","Bárbara","Aberto","21:30","21:31","1","",""
"#1005872","2026-01-16","2026-01-16 21:45:00","2026-01-16 21:46:00","1","1/16/2026","Cashback","Bárbara","Aberto","21:45","21:46","1","",""
"#1005942","2026-01-16","2026-01-16 22:00:00","2026-01-16 22:32:00","32","1/16/2026","Cashback","Bárbara","Aberto","22:00","22:32","32","",""
"#1006134","2026-01-16","2026-01-16 22:34:00","2026-01-16 22:35:00","1","1/16/2026","Troca de E-mail","Bárbara","Aberto","22:34","22:35","1","",""
"#1006135","2026-01-16","2026-01-16 22:39:00","2026-01-16 22:41:00","2","1/16/2026","Troca de E-mail","Bárbara","Aberto","22:39","22:41","2","",""
"#1006320","2026-01-16","2026-01-16 22:55:00","2026-01-16 22:57:00","2","1/16/2026","KYC/Reembolso","Bárbara","Aberto","22:55","22:57","2","",""
"#1006632","2026-01-16","2026-01-16 22:53:00","2026-01-16 23:02:00","9","1/16/2026","Campanhas/CRM","Bárbara","Aberto","22:53","23:02","9","",""
"#1006989","2026-01-17","2026-01-17 00:44:00","2026-01-17 00:48:00","4","1/17/2026","KYC/Reembolso","Bárbara","Aberto","00:44","00:48","4","",""
"#1006668","2026-01-17","2026-01-17 01:12:00","2026-01-17 01:13:00","1","1/17/2026","KYC/Reembolso","Bárbara","Aberto","01:12","01:13","1","",""
"#1006267","2026-01-17","2026-01-17 01:15:00","2026-01-17 01:19:00","4","1/17/2026","Troca de E-mail","Bárbara","Aberto","01:15","01:19","4","",""
"#1007907","2026-01-17","2026-01-17 01:36:00","2026-01-17 01:38:00","2","1/17/2026","KYC/Reembolso","Lucas","Aberto","01:36","01:38","2","",""
"#1007787","2026-01-17","2026-01-17 01:39:00","2026-01-17 01:40:00","1","1/17/2026","KYC/Reembolso","Lucas","Aberto","01:39","01:40","1","",""
"#1007448","2026-01-17","2026-01-17 01:45:00","2026-01-17 01:47:00","2","1/17/2026","KYC/Reembolso","Lucas","Aberto","01:45","01:47","2","",""
"#1007184","2026-01-17","2026-01-17 01:52:00","2026-01-17 01:54:00","2","1/17/2026","KYC/Reembolso","Lucas","Aberto","01:52","01:54","2","",""
"#1007099","2026-01-17","2026-01-17 01:55:00","2026-01-17 01:56:00","1","1/17/2026","KYC/Reembolso","Lucas","Em espera","01:55","01:56","1","",""
"#1006903","2026-01-17","2026-01-17 01:57:00","2026-01-17 01:59:00","2","1/17/2026","KYC/Reembolso","Lucas","Em espera","01:57","01:59","2","",""
"#1006887","2026-01-17","2026-01-17 01:59:00","2026-01-17 02:01:00","2","1/17/2026","Financeiro (Depósito, saque e Devolução)","Lucas","Aberto","01:59","02:01","2","",""
"#1006727","2026-01-17","2026-01-17 02:03:00","2026-01-17 02:07:00","4","1/17/2026","Financeiro (Depósito, saque e Devolução)","Lucas","Aberto","02:03","02:07","4","",""
"#1006593","2026-01-17","2026-01-17 02:11:00","2026-01-17 02:13:00","2","1/17/2026","Bloqueio/Fraude","Lucas","Aberto","02:11","02:13","2","",""
"#1008052","2026-01-17","2026-01-17 02:22:00","2026-01-17 02:25:00","3","1/17/2026","Cashback","Lucas","Em espera","02:22","02:25","3","",""
"#1007312","2026-01-17","2026-01-17 02:49:00","2026-01-17 02:51:00","2","1/17/2026","Cashback","Lucas","Em espera","02:49","02:51","2","",""
"#1007153","2026-01-17","2026-01-17 02:58:00","2026-01-17 02:59:00","1","1/17/2026","KYC/Reembolso","Lucas","Aberto","02:58","02:59","1","",""
"#1007059","2026-01-17","2026-01-17 03:01:00","2026-01-17 03:02:00","1","1/17/2026","KYC/Reembolso","Lucas","Em espera","03:01","03:02","1","",""
"#1006458","2026-01-17","2026-01-17 03:04:00","2026-01-17 03:06:00","2","1/17/2026","KYC/Reembolso","Lucas","Aberto","03:04","03:06","2","",""
"#1006264","2026-01-17","2026-01-17 03:16:00","","","1/17/2026","KYC/Reembolso","Lucas","Aberto","03:16","","","",""
"#1008275","2026-01-17","2026-01-17 03:41:00","2026-01-17 03:54:00","13","1/17/2026","Giros","Lucas","Aberto","03:41","03:54","13","",""
"#1008311","2026-01-17","2026-01-17 03:55:00","2026-01-17 04:05:00","10","1/17/2026","Cashback","Lucas","Em espera","03:55","04:05","10","",""
"#1008366","2026-01-17","2026-01-17 04:08:00","2026-01-17 04:13:00","5","1/17/2026","Cashback","Lucas","Em espera","04:08","04:13","5","",""
"#1007976","2026-01-17","2026-01-17 04:17:00","","","1/17/2026","Cashback","Lucas","","04:17","","","",""
"#1007717","2026-01-17","2026-01-17 04:24:00","2026-01-17 04:25:00","1","1/17/2026","Bloqueio/Fraude","Lucas","Aberto","04:24","04:25","1","",""
"#1007489","2026-01-17","2026-01-17 04:34:00","2026-01-17 04:36:00","2","1/17/2026","Campanhas/CRM","Lucas","Aberto","04:34","04:36","2","",""
"#1005910","2026-01-17","2026-01-17 04:49:00","2026-01-17 04:51:00","2","1/17/2026","Campanhas/CRM","Lucas","Aberto","04:49","04:51","2","",""
"#1005905","2026-01-17","2026-01-17 04:52:00","2026-01-17 04:56:00","4","1/17/2026","Giros","Lucas","Aberto","04:52","04:56","4","",""
"#1005871","2026-01-17","2026-01-17 04:58:00","2026-01-17 05:12:00","14","1/17/2026","Indique e ganhe","Lucas","Em espera","04:58","05:12","14","",""
"#1008472","2026-01-17","2026-01-17 05:22:00","2026-01-17 05:24:00","2","1/17/2026","Campanhas/CRM","Lucas","Aberto","05:22","05:24","2","",""
"#1008543","2026-01-17","2026-01-17 06:31:00","2026-01-17 06:33:00","2","1/17/2026","Financeiro (Depósito, saque e Devolução)","Lucas","Aberto","06:31","06:33","2","",""
"#1008537","2026-01-17","2026-01-17 06:48:00","2026-01-17 06:51:00","3","1/17/2026","Indique e ganhe","Lucas","Aberto","06:48","06:51","3","",""
"#1008528","2026-01-17","2026-01-17 06:51:00","2026-01-17 06:54:00","3","1/17/2026","KYC/Reembolso","Lucas","Aberto","06:51","06:54","3","",""
"#1014873","2026-01-18","2026-01-18 20:10:00","2026-01-18 20:14:00","4","1/18/2026","KYC/Reembolso","Lucas","Aberto","20:10","20:14","4","",""
"#1014682","2026-01-18","2026-01-18 20:26:00","2026-01-18 20:32:00","6","1/18/2026","Financeiro (Depósito, saque e Devolução)","Lucas","Aberto","20:26","20:32","6","",""
"#1014693","2026-01-18","2026-01-18 20:34:00","2026-01-18 20:46:00","12","1/18/2026","Erro Plataforma","Lucas","Aberto","20:34","20:46","12","",""
"#1014900","2026-01-18","2026-01-18 20:47:00","2026-01-18 21:12:00","25","1/18/2026","Reembolso","Lucas","Aberto","20:47","21:12","25","",""
"#1015035","2026-01-18","2026-01-18 21:13:00","2026-01-18 21:21:00","8","1/18/2026","Cashback","Lucas","Em espera","21:13","21:21","8","",""
"#1015134","2026-01-18","2026-01-18 21:30:00","2026-01-18 21:31:00","1","1/18/2026","KYC/Reembolso","Lucas","Aberto","21:30","21:31","1","",""
"#1014988","2026-01-18","2026-01-18 21:32:00","2026-01-18 21:36:00","4","1/18/2026","Cashback","Lucas","Em espera","21:32","21:36","4","",""
"#1015141","2026-01-18","2026-01-18 21:37:00","2026-01-18 21:41:00","4","1/18/2026","Cashback","Lucas","Em espera","21:37","21:41","4","",""
"#1015277","2026-01-18","2026-01-18 22:24:00","2026-01-18 22:49:00","25","1/18/2026","Cassino","Lucas","Em espera","22:24","22:49","25","",""
"#1015463","2026-01-18","2026-01-18 22:32:00","2026-01-18 22:38:00","6","1/18/2026","Cashback","Lucas","Em espera","22:32","22:38","6","",""
"#1015618","2026-01-19","2026-01-19 01:03:00","2026-01-19 01:06:00","3","1/19/2026","Troca de E-mail","Bárbara","Aberto","01:03","01:06","3","",""
"#1016150","2026-01-19","2026-01-19 01:36:00","2026-01-19 02:46:00","70","1/19/2026","Troca de E-mail","Bárbara","Aberto","01:36","02:46","70","",""
"#1015397","2026-01-19","2026-01-19 01:52:00","2026-01-19 03:30:00","98","1/19/2026","Giros","Bárbara","Aberto","01:52","03:30","98","",""
"#1016086","2026-01-19","2026-01-19 02:47:00","2026-01-19 02:50:00","3","1/19/2026","Erro Plataforma","Bárbara","Aberto","02:47","02:50","3","",""
"#1016504","2026-01-19","2026-01-19 03:34:00","2026-01-19 03:39:00","5","1/19/2026","KYC/Reembolso","Bárbara","Aberto","03:34","03:39","5","",""
"#1016490","2026-01-19","2026-01-19 04:11:00","2026-01-19 04:12:00","1","1/19/2026","Erro Plataforma","Bárbara","Aberto","04:11","04:12","1","",""
"#1016594","2026-01-19","2026-01-19 06:24:00","2026-01-19 06:27:00","3","1/19/2026","Financeiro (Depósito, saque e Devolução)","Bárbara","Aberto","06:24","06:27","3","",""
"#1016657","2026-01-19","2026-01-19 06:45:00","2026-01-19 06:48:00","3","1/19/2026","Cashback","Bárbara","Aberto","06:45","06:48","3","",""
"#1022609","2026-01-20","2026-01-20 19:16:00","2026-01-20 19:28:00","12","1/20/2026","Cashback","Bárbara","Em espera","19:16","19:28","12","",""
"#1022589","2026-01-20","2026-01-20 19:35:00","2026-01-20 19:36:00","1","1/20/2026","Cashback","Bárbara","Em espera","19:35","19:36","1","",""
"#1022568","2026-01-20","2026-01-20 19:44:00","2026-01-20 19:45:00","1","1/20/2026","Cashback","Bárbara","Em espera","19:44","19:45","1","",""
"#1022564","2026-01-20","2026-01-20 19:47:00","2026-01-20 19:58:00","11","1/20/2026","KYC/Reembolso","Bárbara","Aberto","19:47","19:58","11","",""
"#1022613","2026-01-20","2026-01-20 20:03:00","2026-01-20 20:04:00","1","1/20/2026","Cashback","Bárbara","Em espera","20:03","20:04","1","",""
"#1022621","2026-01-20","2026-01-20 20:07:00","2026-01-20 20:08:00","1","1/20/2026","Cashback","Bárbara","Em espera","20:07","20:08","1","",""
"#1022630","2026-01-20","2026-01-20 20:10:00","2026-01-20 20:11:00","1","1/20/2026","Cashback","Bárbara","Em espera","20:10","20:11","1","",""
"#1022636","2026-01-20","2026-01-20 20:14:00","2026-01-20 20:15:00","1","1/20/2026","Cashback","Bárbara","Em espera","20:14","20:15","1","",""
"#1022507","2026-01-20","2026-01-20 20:18:00","2026-01-20 20:19:00","1","1/20/2026","Cashback","Bárbara","Em espera","20:18","20:19","1","",""
"#1022547","2026-01-20","2026-01-20 20:23:00","2026-01-20 20:24:00","1","1/20/2026","Cashback","Bárbara","Em espera","20:23","20:24","1","",""
"#1022553","2026-01-20","2026-01-20 20:28:00","2026-01-20 20:29:00","1","1/20/2026","Cashback","Bárbara","Em espera","20:28","20:29","1","",""
"#1022658","2026-01-20","2026-01-20 20:31:00","2026-01-20 20:32:00","1","1/20/2026","Cashback","Bárbara","Em espera","20:31","20:32","1","",""
"#1022450","2026-01-20","2026-01-20 20:39:00","2026-01-20 20:40:00","1","1/20/2026","Cashback","Bárbara","Em espera","20:39","20:40","1","",""
"#1022465","2026-01-20","2026-01-20 20:55:00","2026-01-20 20:56:00","1","1/20/2026","Cashback","Bárbara","Em espera","20:55","20:56","1","",""
"#1022500","2026-01-20","2026-01-20 20:58:00","2026-01-20 20:59:00","1","1/20/2026","Cashback","Bárbara","Em espera","20:58","20:59","1","",""
"#1022675","2026-01-20","2026-01-20 21:20:00","2026-01-20 21:22:00","2","1/20/2026","Cashback","Bárbara","Em espera","21:20","21:22","2","",""
"#1022398","2026-01-20","2026-01-20 21:30:00","2026-01-20 21:31:00","1","1/20/2026","Cashback","Bárbara","Em espera","21:30","21:31","1","",""
"#1022384","2026-01-20","2026-01-20 21:35:00","2026-01-20 21:36:00","1","1/20/2026","Cashback","Bárbara","Em espera","21:35","21:36","1","",""
"#1022429","2026-01-20","2026-01-20 21:38:00","2026-01-20 21:39:00","1","1/20/2026","Cashback","Bárbara","Em espera","21:38","21:39","1","",""
"#1022741","2026-01-20","2026-01-20 21:43:00","2026-01-20 21:44:00","1","1/20/2026","Cashback","Bárbara","Em espera","21:43","21:44","1","",""
"#1022764","2026-01-20","2026-01-20 21:47:00","2026-01-20 21:48:00","1","1/20/2026","Cashback","Bárbara","Em espera","21:47","21:48","1","",""
"#1021860","2026-01-20","2026-01-20 21:50:00","2026-01-20 21:51:00","1","1/20/2026","Cashback","Bárbara","Em espera","21:50","21:51","1","",""
"#1021901","2026-01-20","2026-01-20 21:54:00","2026-01-20 21:55:00","1","1/20/2026","Cashback","Bárbara","Em espera","21:54","21:55","1","",""
"#1021935","2026-01-20","2026-01-20 21:57:00","2026-01-20 21:58:00","1","1/20/2026","Cashback","Bárbara","Em espera","21:57","21:58","1","",""
"#1021948","2026-01-20","2026-01-20 22:00:00","2026-01-20 22:01:00","1","1/20/2026","Cashback","Bárbara","Em espera","22:00","22:01","1","",""
"#1021961","2026-01-20","2026-01-20 22:04:00","2026-01-20 22:05:00","1","1/20/2026","Cashback","Bárbara","Em espera","22:04","22:05","1","",""
"#1021969","2026-01-20","2026-01-20 22:15:00","2026-01-20 22:16:00","1","1/20/2026","Cashback","Bárbara","Em espera","22:15","22:16","1","",""
"#1021984","2026-01-20","2026-01-20 22:17:00","2026-01-20 22:18:00","1","1/20/2026","Cashback","Bárbara","Em espera","22:17","22:18","1","",""
"#1021993","2026-01-20","2026-01-20 22:21:00","2026-01-20 22:22:00","1","1/20/2026","Cashback","Bárbara","Em espera","22:21","22:22","1","",""
"#1022002","2026-01-20","2026-01-20 22:32:00","2026-01-20 22:33:00","1","1/20/2026","Cashback","Bárbara","Em espera","22:32","22:33","1","",""
"#1022366","2026-01-20","2026-01-20 22:35:00","2026-01-20 22:36:00","1","1/20/2026","Cashback","Bárbara","Em espera","22:35","22:36","1","",""
"#1022368","2026-01-20","2026-01-20 22:40:00","2026-01-20 22:41:00","1","1/20/2026","Cashback","Bárbara","Em espera","22:40","22:41","1","",""
"#1022755","2026-01-20","2026-01-20 22:43:00","2026-01-20 22:44:00","1","1/20/2026","Cashback","Bárbara","Em espera","22:43","22:44","1","",""
"#1022789","2026-01-20","2026-01-20 22:45:00","2026-01-20 22:46:00","1","1/20/2026","Cashback","Bárbara","Em espera","22:45","22:46","1","",""
"#1022806","2026-01-20","2026-01-20 22:59:00","2026-01-20 22:50:00","-9","1/20/2026","Cashback","Bárbara","Em espera","22:59","22:50","-9","",""
"#1022898","2026-01-20","2026-01-20 22:54:00","2026-01-20 22:55:00","1","1/20/2026","Cashback","Bárbara","Em espera","22:54","22:55","1","",""
"#1022923","2026-01-20","2026-01-20 22:57:00","2026-01-20 22:58:00","1","1/20/2026","Cashback","Bárbara","Em espera","22:57","22:58","1","",""
"#1022165","2026-01-20","2026-01-20 23:03:00","2026-01-20 23:04:00","1","1/20/2026","Cashback","Bárbara","Em espera","23:03","23:04","1","",""
"#1022202","2026-01-20","2026-01-20 23:06:00","2026-01-20 23:07:00","1","1/20/2026","Cashback","Bárbara","Em espera","23:06","23:07","1","",""
"#1022230","2026-01-20","2026-01-20 23:08:00","2026-01-20 23:09:00","1","1/20/2026","Cashback","Bárbara","Em espera","23:08","23:09","1","",""
"#1022251","2026-01-21","2026-01-21 00:23:00","2026-01-21 00:24:00","1","1/21/2026","Cashback","Bárbara","Em espera","00:23","00:24","1","",""
"#1022276","2026-01-21","2026-01-21 00:31:00","2026-01-21 00:32:00","1","1/21/2026","Cashback","Bárbara","Em espera","00:31","00:32","1","",""
"#1022302","2026-01-21","2026-01-21 00:34:00","2026-01-21 00:35:00","1","1/21/2026","Cashback","Bárbara","Em espera","00:34","00:35","1","",""
"#1022098","2026-01-21","2026-01-21 00:41:00","2026-01-21 00:42:00","1","1/21/2026","Cashback","Bárbara","Em espera","00:41","00:42","1","",""
"#1022134","2026-01-21","2026-01-21 00:47:00","2026-01-21 00:48:00","1","1/21/2026","Cashback","Bárbara","Em espera","00:47","00:48","1","",""
"#1022309","2026-01-21","2026-01-21 00:49:00","2026-01-21 00:50:00","1","1/21/2026","Cashback","Bárbara","Em espera","00:49","00:50","1","",""
"#1022327","2026-01-21","2026-01-21 00:57:00","2026-01-21 00:58:00","1","1/21/2026","Cashback","Bárbara","Em espera","00:57","00:58","1","",""
"#1022840","2026-01-21","2026-01-21 01:01:00","2026-01-21 01:18:00","17","1/21/2026","KYC/Reembolso","Bárbara","Aberto","01:01","01:18","17","",""
"#1024308","2026-01-21","2026-01-21 01:17:00","2026-01-21 01:20:00","3","1/21/2026","KYC/Reembolso","Lucas","Aberto","01:17","01:20","3","",""
"#1024190","2026-01-21","2026-01-21 01:25:00","2026-01-21 01:27:00","2","1/21/2026","Bloqueio/Fraude","Lucas","Aberto","01:25","01:27","2","",""
"#1024158","2026-01-21","2026-01-21 01:31:00","2026-01-21 01:32:00","1","1/21/2026","Financeiro (Depósito, saque e Devolução)","Lucas","Aberto","01:31","01:32","1","",""
"#1024065","2026-01-21","2026-01-21 01:34:00","2026-01-21 01:37:00","3","1/21/2026","Cashback","Lucas","Em espera","01:34","01:37","3","",""
"#1023693","2026-01-21","2026-01-21 01:53:00","2026-01-21 01:54:00","1","1/21/2026","Financeiro (Depósito, saque e Devolução)","Lucas","Aberto","01:53","01:54","1","",""
"#1023624","2026-01-21","2026-01-21 01:55:00","2026-01-21 01:56:00","1","1/21/2026","Financeiro (Depósito, saque e Devolução)","Lucas","Aberto","01:55","01:56","1","",""
"#1024588","2026-01-21","2026-01-21 01:57:00","2026-01-21 01:59:00","2","1/21/2026","KYC/Reembolso","Lucas","Aberto","01:57","01:59","2","",""
"#1023382","2026-01-21","2026-01-21 02:01:00","2026-01-21 02:03:00","2","1/21/2026","KYC/Reembolso","Lucas","Aberto","02:01","02:03","2","",""
"#1023281","2026-01-21","2026-01-21 02:09:00","2026-01-21 02:12:00","3","1/21/2026","Troca de E-mail","Lucas","Aberto","02:09","02:12","3","",""
"#1023009","2026-01-21","2026-01-21 02:13:00","2026-01-21 02:16:00","3","1/21/2026","KYC/Reembolso","Lucas","Aberto","02:13","02:16","3","",""
"#1022984","2026-01-21","2026-01-21 02:23:00","2026-01-21 02:25:00","2","1/21/2026","Cashback","Lucas","Em espera","02:23","02:25","2","",""
"#1022961","2026-01-21","2026-01-21 02:26:00","2026-01-21 02:27:00","1","1/21/2026","KYC/Reembolso","Lucas","Em espera","02:26","02:27","1","",""
"#1022954","2026-01-21","2026-01-21 02:30:00","2026-01-21 02:31:00","1","1/21/2026","Cashback","Lucas","Em espera","02:30","02:31","1","",""
"#1022945","2026-01-21","2026-01-21 02:33:00","2026-01-21 02:34:00","1","1/21/2026","Erro KYC","Lucas","Em espera","02:33","02:34","1","",""
"#1022051","2026-01-21","2026-01-21 02:41:00","2026-01-21 02:43:00","2","1/21/2026","Cashback","Lucas","Em espera","02:41","02:43","2","",""
"#1022069","2026-01-21","2026-01-21 02:45:00","2026-01-21 02:50:00","5","1/21/2026","Cashback","Lucas","Em espera","02:45","02:50","5","",""
"#1022805","2026-01-21","2026-01-21 02:58:00","2026-01-21 03:01:00","3","1/21/2026","KYC/Reembolso","Lucas","Aberto","02:58","03:01","3","",""
"#1022918","2026-01-21","2026-01-21 03:05:00","2026-01-21 03:07:00","2","1/21/2026","Bloqueio/Fraude","Lucas","Aberto","03:05","03:07","2","",""
"#1024838","2026-01-21","2026-01-21 03:08:00","2026-01-21 03:10:00","2","1/21/2026","KYC/Reembolso","Lucas","Aberto","03:08","03:10","2","",""
"#1024848","2026-01-21","2026-01-21 03:24:00","2026-01-21 03:26:00","2","1/21/2026","Erro KYC","Lucas","Aberto","03:24","03:26","2","",""
"#1024278","2026-01-21","2026-01-21 03:39:00","2026-01-21 03:39:00","0","1/21/2026","Erro KYC","Lucas","Aberto","03:39","03:39","0","",""
"#1024224","2026-01-21","2026-01-21 03:46:00","2026-01-21 03:50:00","4","1/21/2026","Erro Plataforma","Lucas","Aberto","03:46","03:50","4","",""
"#1023823","2026-01-21","2026-01-21 04:26:00","2026-01-21 04:28:00","2","1/21/2026","Erro Plataforma","Lucas","Aberto","04:26","04:28","2","",""
"#1023700","2026-01-21","2026-01-21 04:35:00","2026-01-21 04:36:00","1","1/21/2026","Erro KYC","Lucas","Aberto","04:35","04:36","1","",""
"#1021914","2026-01-21","2026-01-21 04:46:00","2026-01-21 04:48:00","2","1/21/2026","Cashback","Lucas","Em espera","04:46","04:48","2","",""
"#1022041","2026-01-21","2026-01-21 04:56:00","2026-01-21 05:02:00","6","1/21/2026","Cashback","Lucas","Em espera","04:56","05:02","6","",""
"#1022769","2026-01-21","2026-01-21 05:11:00","2026-01-21 05:41:00","30","1/21/2026","Financeiro (Depósito, saque e Devolução)","Lucas","Aberto","05:11","05:41","30","",""
"#1024940","2026-01-21","2026-01-21 05:45:00","2026-01-21 05:51:00","6","1/21/2026","Missão","Lucas","Aberto","05:45","05:51","6","",""
"#1024449","2026-01-21","2026-01-21 05:54:00","2026-01-21 05:55:00","1","1/21/2026","Missão","Lucas","Aberto","05:54","05:55","1","",""
"#1023719","2026-01-21","2026-01-21 05:56:00","2026-01-21 06:01:00","5","1/21/2026","Campanhas/CRM","Lucas","Aberto","05:56","06:01","5","",""
"#1025010","2026-01-21","2026-01-21 06:02:00","2026-01-21 06:06:00","4","1/21/2026","Erro KYC","Lucas","Aberto","06:02","06:06","4","",""
"#1024973","2026-01-21","2026-01-21 06:07:00","2026-01-21 06:08:00","1","1/21/2026","Missão","Lucas","Aberto","06:07","06:08","1","",""
"#1023519","2026-01-21","2026-01-21 06:11:00","2026-01-21 06:14:00","3","1/21/2026","Reembolso","Lucas","Aberto","06:11","06:14","3","",""
"#1025009","2026-01-21","2026-01-21 06:16:00","2026-01-21 06:19:00","3","1/21/2026","Campanhas/CRM","Lucas","Aberto","06:16","06:19","3","",""
"#1023314","2026-01-21","2026-01-21 06:21:00","2026-01-21 06:26:00","5","1/21/2026","Cashback","Lucas","Em espera","06:21","06:26","5","",""
"#1023181","2026-01-21","2026-01-21 06:27:00","2026-01-21 06:30:00","3","1/21/2026","Financeiro (Depósito, saque e Devolução)","Lucas","Em espera","06:27","06:30","3","",""
"#1022976","2026-01-21","2026-01-21 06:32:00","2026-01-21 06:36:00","4","1/21/2026","Indique e ganhe","Lucas","Aberto","06:32","06:36","4","",""
"#1025070","2026-01-21","2026-01-21 06:37:00","2026-01-21 06:41:00","4","1/21/2026","KYC/Reembolso","Lucas","Aberto","06:37","06:41","4","",""
"#1022008","2026-01-21","2026-01-21 06:47:00","2026-01-21 06:48:00","1","1/21/2026","Cashback","Lucas","Em espera","06:47","06:48","1","",""
"#1031264","2026-01-22","2026-01-22 21:24:00","2026-01-22 21:27:00","3","1/22/2026","Cashback","Lucas","Em espera","21:24","21:27","3","",""
"#1031231","2026-01-22","2026-01-22 21:28:00","2026-01-22 21:30:00","2","1/22/2026","Cashback","Lucas","Em espera","21:28","21:30","2","",""
"#1031209","2026-01-22","2026-01-22 21:32:00","2026-01-22 21:34:00","2","1/22/2026","Cashback","Lucas","Em espera","21:32","21:34","2","",""
"#1031192","2026-01-22","2026-01-22 21:34:00","2026-01-22 21:36:00","2","1/22/2026","Cashback","Lucas","Em espera","21:34","21:36","2","",""
"#1031174","2026-01-22","2026-01-22 21:36:00","2026-01-22 21:41:00","5","1/22/2026","Cashback","Lucas","Em espera","21:36","21:41","5","",""
"#1031097","2026-01-22","2026-01-22 21:42:00","2026-01-22 21:44:00","2","1/22/2026","Cashback","Lucas","Em espera","21:42","21:44","2","",""
"#1031895","2026-01-22","2026-01-22 21:48:00","2026-01-22 21:50:00","2","1/22/2026","Bloqueio/Fraude/Kyc","Lucas","Aberto","21:48","21:50","2","",""
"#1031964","2026-01-22","2026-01-22 21:54:00","2026-01-22 21:57:00","3","1/22/2026","KYC/Reembolso","Lucas","Aberto","21:54","21:57","3","",""
"#1031073","2026-01-22","2026-01-22 22:07:00","2026-01-22 22:09:00","2","1/22/2026","Cashback","Lucas","Em espera","22:07","22:09","2","",""
"#1030926","2026-01-22","2026-01-22 22:14:00","2026-01-22 22:16:00","2","1/22/2026","Cashback","Lucas","Em espera","22:14","22:16","2","",""
"#1032081","2026-01-22","2026-01-22 23:05:00","2026-01-22 23:12:00","7","1/22/2026","KYC/Reembolso","Lucas","Aberto","23:05","23:12","7","",""
"#1030881","2026-01-22","2026-01-22 23:18:00","2026-01-22 23:20:00","2","1/22/2026","Cashback","Lucas","Em espera","23:18","23:20","2","",""
"#1030806","2026-01-22","2026-01-22 23:22:00","2026-01-22 23:29:00","7","1/22/2026","KYC/Reembolso","Lucas","Aberto","23:22","23:29","7","",""
"#1030779","2026-01-22","2026-01-22 23:32:00","2026-01-22 23:37:00","5","1/22/2026","KYC/Reembolso","Lucas","Aberto","23:32","23:37","5","",""
"#1030765","2026-01-22","2026-01-22 23:39:00","2026-01-22 23:41:00","2","1/22/2026","Cashback","Lucas","Em espera","23:39","23:41","2","",""
"#1030690","2026-01-22","2026-01-22 23:44:00","2026-01-22 23:46:00","2","1/22/2026","Cashback","Lucas","Em espera","23:44","23:46","2","",""
"#1030687","2026-01-23","2026-01-23 01:25:00","2026-01-23 01:31:00","6","1/23/2026","Troca de E-mail","Lucas","Aberto","01:25","01:31","6","",""
"#1030672","2026-01-23","2026-01-23 01:33:00","2026-01-23 01:35:00","2","1/23/2026","Cashback","Lucas","Em espera","01:33","01:35","2","",""
"#1032728","2026-01-23","2026-01-23 01:37:00","2026-01-23 01:40:00","3","1/23/2026","KYC/Reembolso","Lucas","Aberto","01:37","01:40","3","",""
"#1032496","2026-01-23","2026-01-23 01:42:00","2026-01-23 01:45:00","3","1/23/2026","KYC/Reembolso","Lucas","Aberto","01:42","01:45","3","",""
"#1032276","2026-01-23","2026-01-23 01:48:00","2026-01-23 01:52:00","4","1/23/2026","KYC/Reembolso","Lucas","Aberto","01:48","01:52","4","",""
"#1030566","2026-01-23","2026-01-23 01:59:00","2026-01-23 02:04:00","5","1/23/2026","Cashback","Lucas","Em espera","01:59","02:04","5","",""
"#1030559","2026-01-23","2026-01-23 02:05:00","2026-01-23 02:07:00","2","1/23/2026","Cashback","Lucas","Em espera","02:05","02:07","2","",""
"#1030552","2026-01-23","2026-01-23 02:09:00","2026-01-23 02:12:00","3","1/23/2026","Cashback","Lucas","Em espera","02:09","02:12","3","",""
"#1030541","2026-01-23","2026-01-23 02:14:00","2026-01-23 02:17:00","3","1/23/2026","Cashback","Lucas","Em espera","02:14","02:17","3","",""
"#1032994","2026-01-23","2026-01-23 03:00:00","2026-01-23 03:08:00","8","1/23/2026","KYC/Reembolso","Lucas","Aberto","03:00","03:08","8","",""
"#1031990","2026-01-23","2026-01-23 03:17:00","2026-01-23 03:19:00","2","1/23/2026","Erro KYC","Lucas","Em espera","03:17","03:19","2","",""
"#1031749","2026-01-23","2026-01-23 03:23:00","2026-01-23 03:43:00","20","1/23/2026","KYC/Reembolso","Lucas","Aberto","03:23","03:43","20","",""
"#1033067","2026-01-23","2026-01-23 03:45:00","2026-01-23 03:48:00","3","1/23/2026","KYC/Reembolso","Lucas","Aberto","03:45","03:48","3","",""
"#1032861","2026-01-23","2026-01-23 04:03:00","2026-01-23 04:05:00","2","1/23/2026","Cashback","Lucas","Em espera","04:03","04:05","2","",""
"#1032140","2026-01-23","2026-01-23 04:10:00","2026-01-23 04:22:00","12","1/23/2026","Missão","Lucas","Aberto","04:10","04:22","12","",""
"#1033121","2026-01-23","2026-01-23 04:24:00","2026-01-23 04:27:00","3","1/23/2026","KYC/Reembolso","Lucas","Aberto","04:24","04:27","3","",""
"#1032008","2026-01-23","2026-01-23 04:35:00","2026-01-23 04:44:00","9","1/23/2026","Cashback","Lucas","Aberto","04:35","04:44","9","",""
"#1033185","2026-01-23","2026-01-23 06:12:00","2026-01-23 06:14:00","2","1/23/2026","Campanhas/CRM","Lucas","Aberto","06:12","06:14","2","",""
"#1033193","2026-01-23","2026-01-23 06:15:00","","","1/23/2026","KYC/Reembolso","Lucas","Aberto","06:15","","","",""
"#1033211","","","","","","","","","","","","",""
"#1029955","2026-01-23","2026-01-23 01:09:00","2026-01-23 01:10:00","1","1/23/2026","Cashback","Bárbara","Em espera","01:09","01:10","1","",""
"#1029994","2026-01-23","2026-01-23 01:13:00","2026-01-23 01:14:00","1","1/23/2026","Cashback","Bárbara","Em espera","01:13","01:14","1","",""
"#1030113","2026-01-23","2026-01-23 01:17:00","2026-01-23 01:18:00","1","1/23/2026","Cashback","Bárbara","Em espera","01:17","01:18","1","",""
"#1030143","2026-01-23","2026-01-23 01:21:00","2026-01-23 01:22:00","1","1/23/2026","Cashback","Bárbara","Em espera","01:21","01:22","1","",""
"#1030248","2026-01-23","2026-01-23 01:24:00","2026-01-23 01:25:00","1","1/23/2026","Cashback","Bárbara","Em espera","01:24","01:25","1","",""
"#1030384","2026-01-23","2026-01-23 01:36:00","2026-01-23 01:38:00","2","1/23/2026","Cashback","Bárbara","Em espera","01:36","01:38","2","",""
"#1030397","2026-01-23","2026-01-23 01:39:00","2026-01-23 01:40:00","1","1/23/2026","Cashback","Bárbara","Em espera","01:39","01:40","1","",""
"#1030415","2026-01-23","2026-01-23 01:44:00","2026-01-23 02:07:00","23","1/23/2026","Indique e ganhe","Bárbara","Aberto","01:44","02:07","23","",""
"#1030442","2026-01-23","2026-01-23 02:10:00","2026-01-23 02:11:00","1","1/23/2026","Cashback","Bárbara","Em espera","02:10","02:11","1","",""
"#1030448","2026-01-23","2026-01-23 02:13:00","2026-01-23 02:14:00","1","1/23/2026","Cashback","Bárbara","Em espera","02:13","02:14","1","",""
"#1030469","2026-01-23","2026-01-23 02:16:00","2026-01-23 02:17:00","1","1/23/2026","Cashback","Bárbara","Em espera","02:16","02:17","1","",""
"#1030471","2026-01-23","2026-01-23 02:18:00","2026-01-23 02:19:00","1","1/23/2026","Cashback","Bárbara","Em espera","02:18","02:19","1","",""
"#1030485","2026-01-23","2026-01-23 02:23:00","2026-01-23 02:24:00","1","1/23/2026","Cashback","Bárbara","Em espera","02:23","02:24","1","",""
"#1030492","2026-01-23","2026-01-23 02:25:00","2026-01-23 02:26:00","1","1/23/2026","Cashback","Bárbara","Em espera","02:25","02:26","1","",""
"#1030493","2026-01-23","2026-01-23 02:26:00","2026-01-23 02:30:00","4","1/23/2026","KYC/Reembolso","Bárbara","Aberto","02:26","02:30","4","",""
"#1030578","2026-01-23","2026-01-23 02:37:00","2026-01-23 02:38:00","1","1/23/2026","Cashback","Bárbara","Em espera","02:37","02:38","1","",""
"#1030634","2026-01-23","2026-01-23 02:40:00","2026-01-23 02:41:00","1","1/23/2026","Cashback","Bárbara","Em espera","02:40","02:41","1","",""
"#1030917","2026-01-23","2026-01-23 03:14:00","2026-01-23 03:16:00","2","1/23/2026","Cashback","Bárbara","Aberto","03:14","03:16","2","",""
"#1030802","2026-01-23","2026-01-23 04:28:00","2026-01-23 04:29:00","1","1/23/2026","Cashback","Bárbara","Em espera","04:28","04:29","1","",""
"#1030957","2026-01-23","2026-01-23 04:38:00","2026-01-23 04:41:00","3","1/23/2026","Cashback","Bárbara","Aberto","04:38","04:41","3","",""
"#1031253","2026-01-23","2026-01-23 05:50:00","2026-01-23 06:05:00","15","1/23/2026","Cashback","Bárbara","Aberto","05:50","06:05","15","",""
"#1031218","2026-01-23","2026-01-23 06:17:00","","","1/23/2026","Cashback","Bárbara","Aberto","06:17","","","",""
"#1038969","2026-01-24","2026-01-24 19:39:00","2026-01-24 19:42:00","3","1/24/2026","KYC/Reembolso","Bárbara","Aberto","19:39","19:42","3","",""
"#1008129","2026-01-24","2026-01-24 22:48:00","2026-01-24 22:49:00","1","1/24/2026","Cashback","Bárbara","Em espera","22:48","22:49","1","",""
"#1039160","2026-01-24","2026-01-24 22:50:00","2026-01-24 22:53:00","3","1/24/2026","KYC/Reembolso","Bárbara","Aberto","22:50","22:53","3","",""
"#1039173","2026-01-24","2026-01-24 23:13:00","2026-01-24 23:18:00","5","1/24/2026","Aposta esportiva","Lucas","Aberto","23:13","23:18","5","",""
"#1039175","2026-01-24","2026-01-24 23:21:00","2026-01-24 23:36:00","15","1/24/2026","Giros","Lucas","Aberto","23:21","23:36","15","",""
"#1039303","2026-01-25","2026-01-25 01:14:00","2026-01-25 01:20:00","6","1/25/2026","Financeiro (Depósito, saque e Devolução)","Lucas","Aberto","01:14","01:20","6","",""
"#1039677","2026-01-25","2026-01-25 03:16:00","2026-01-25 03:38:00","22","1/25/2026","Giros","Lucas","Aberto","03:16","03:38","22","",""
"#1040010","2026-01-25","2026-01-25 03:45:00","2026-01-25 03:46:00","1","1/25/2026","Financeiro (Depósito, saque e Devolução)","Lucas","Aberto","03:45","03:46","1","",""
"#1040144","2026-01-25","2026-01-25 05:39:00","2026-01-25 05:42:00","3","1/25/2026","Cashback","Lucas","Em espera","05:39","05:42","3","",""
"#1040186","2026-01-25","2026-01-25 05:54:00","","","1/25/2026","Troca de E-mail","Lucas","Aberto","05:54","","","",""
