ticket_id,Data,Motivo,Responsável,Status,Hora Início,Hora Fim,Tempo de Conclusão (TMA),created_at,resolved_at,SLA,dias_SLA,SLA_tempofila,OP-ABERTAS,,,,,,,,,,,,,,,,,,,,,,,,,,,Aberto,,KYC/Reembolso
#1062259,2/1/2026,Aposta esportiva,Lucas,Aberto,20:56,21:09,13,20:45,21:10,00:25,,00:11,,,,,,,,,,,,,,,,,,,,,,,,,,,,Pendente,,Campanhas/CRM
#1062473,2/1/2026,Erro KYC,Lucas,Aberto,21:20,21:22,2,20:46,21:22,00:36,,00:34,,,,,,,,,,,,,,,,,,,,,,,,,,,,Resolvido,,Missão
#1062597,2/1/2026,"Financeiro (Depósito, saque e Devolução)",Bárbara,Aberto,22:09,22:15,6,21:55,22:15,00:20,,00:14,,,,,,,,,,,,,,,,,,,,,,,,,,,,Em espera,,Erro Plataforma
#1062500,2/1/2026,Aposta esportiva,Bárbara,Aberto,22:16,22:18,2,21:34,22:18,00:44,,00:42,,,,,,,,,,,,,,,,,,,,,,,,,,,,,,Giros
#1062564,2/1/2026,Erro KYC,Bárbara,Aberto,22:19,22:22,3,22:19,22:22,00:03,,00:00,,,,,,,,,,,,,,,,,,,,,,,,,,,,,,MED
#1062447,2/1/2026,Indique e ganhe,Lucas,Aberto,23:11,23:14,3,22:49,23:13,00:24,,00:22,,,,,,,,,,,,,,,,,,,,,,,,,,,,,,Indique e ganhe
,,,,,,,,,,,,00:00,,,,,,,,,,,,,,,,,,,,,,,,,,,,,,PVE
#1062693,2/2/2026,Aposta esportiva,Bárbara,Aberto,00:13,00:28,15,23:14,00:28,01:04,,01:01,,,,,,,,,,,,,,,,,,,,,,,,,,,,,,Erro KYC
#1062688,2/2/2026,Aposta esportiva,Bárbara,Aberto,01:04,01:05,1,01:04,01:05,00:01,,00:00,,,,,,,,,,,,,,,,,,,,,,,,,,,,,,Auto Exclusão
#1062745,2/2/2026,Aposta esportiva,Lucas,Aberto,01:26,01:28,2,00:09,01:28,01:19,,01:17,,,,,,,,,,,,,,,,,,,,,,,,,,,,,,Cashback
#1062758,2/2/2026,Aposta esportiva,Lucas,Aberto,01:44,01:46,2,00:27,01:46,01:19,,01:17,,,,,,,,,,,,,,,,,,,,,,,,,,,,,,Cassino
#1062972,2/2/2026,Missão,Lucas,Aberto,02:27,02:32,5,02:24,02:32,00:08,,00:03,,,,,,,,,,,,,,,,,,,,,,,,,,,,,,"Financeiro (Depósito, saque e Devolução)"
#1063000,2/2/2026,KYC/Reembolso,Lucas,Aberto,02:50,03:20,30,02:37,03:28,00:51,,00:13,,,,,,,,,,,,,,,,,,,,,,,,,,,,,,Reembolso
#1062697,2/2/2026,Aposta esportiva,Lucas,Aberto,03:05,05:51,0,23:45,10:57,10:13,1/1/2025,11:13,,,,,,,,,,,,,,,,,,,,,,,,,,,,,,Bloqueio/Ludopatia
#1062924,2/2/2026,Cashback,Lucas,Aberto,03:15,03:18,3,02:25,03:18,00:53,,00:50,,,,,,,,,,,,,,,,,,,,,,,,,,,,,,Bloqueio/Fraude
#1063039,2/2/2026,KYC/Reembolso,Lucas,Aberto,03:29,03:31,2,03:17,03:31,00:14,,00:12,,,,,,,,,,,,,,,,,,,,,,,,,,,,,,Aposta esportiva
#1063042,2/2/2026,Missão,Lucas,Aberto,03:36,03:37,1,03:28,03:37,00:09,,00:08,,,,,,,,,,,,,,,,,,,,,,,,,,,,,,Bloqueio/Fraude/Kyc
#1063044,2/2/2026,Troca de E-mail,Lucas,Aberto,03:51,03:53,2,03:26,03:53,00:27,,00:25,,,,,,,,,,,,,,,,,,,,,,,,,,,,,,Troca de E-mail
#1063061,2/2/2026,KYC/Reembolso,Lucas,Aberto,04:13,04:14,1,04:05,04:14,00:09,,00:08,,,,,,,,,,,,,,,,,,,,,,,,,,,,,,Outros
#1063080,2/2/2026,Troca de E-mail,Lucas,Aberto,04:52,05:03,11,04:51,05:03,00:12,,00:01,,,,,,,,,,,,,,,,,,,,,,,,,,,,,,
#1062928,2/2/2026,Giros,Lucas,Aberto,05:11,05:12,1,04:24,05:12,00:48,,00:47,,,,,,,,,,,,,,,,,,,,,,,,,,,,,,
#1063084,2/2/2026,Giros,Lucas,Aberto,05:15,05:17,2,04:57,05:17,00:20,,00:18,,,,,,,,,,,,,,,,,,,,,,,,,,,,,,
#1063077,2/2/2026,Erro KYC,Lucas,Aberto,05:23,05:25,2,05:14,05:25,00:11,,00:09,,,,,,,,,,,,,,,,,,,,,,,,,,,,,,
#1063066,2/2/2026,"Financeiro (Depósito, saque e Devolução)",Lucas,Aberto,05:27,06:15,48,04:40,06:15,01:35,,00:47,,,,,,,,,,,,,,,,,,,,,,,,,,,,,,
#1063122,2/2/2026,KYC/Reembolso,Lucas,Aberto,06:49,06:52,3,06:45,06:52,00:07,,00:04,,,,,,,,,,,,,,,,,,,,,,,,,,,,,,
#1063117,2/2/2026,Campanhas/CRM,Lucas,Aberto,06:58,07:00,2,06:52,07:00,00:08,,00:06,,,,,,,,,,,,,,,,,,,,,,,,,,,,,,
,,,,,,,,,,00:00,,00:00,,,,,,,,,,,,,,,,,,,,,,,,,,,,,,
#1067807,2/3/2026,Erro KYC,Lucas,Aberto,19:51,19:54,3,19:35,20:36,01:01,,00:16,,,,,,,,,,,,,,,,,,,,,,,,,,,,,,
#1067650,2/3/2026,Troca de E-mail,Lucas,Aberto,19:55,19:57,2,18:23,19:57,01:34,,01:32,,,,,,,,,,,,,,,,,,,,,,,,,,,,,,
#1067608,2/3/2026,Erro KYC,Lucas,Aberto,19:59,20:00,1,17:33,20:00,02:27,,02:26,,,,,,,,,,,,,,,,,,,,,,,,,,,,,,
#1067554,2/3/2026,Troca de E-mail,Lucas,Aberto,20:04,20:07,3,17:31,20:07,02:36,,02:33,,,,,,,,,,,,,,,,,,,,,,,,,,,,,,
#1067530,2/3/2026,Troca de E-mail,Lucas,Aberto,20:09,20:11,2,17:18,20:11,02:53,,02:51,,,,,,,,,,,,,,,,,,,,,,,,,,,,,,
#1067493,2/3/2026,Troca de E-mail,Lucas,Aberto,20:14,20:17,3,16:56,20:17,03:21,,03:18,,,,,,,,,,,,,,,,,,,,,,,,,,,,,,
#1067603,2/3/2026,Cashback,Lucas,Aberto,20:22,20:26,4,17:29,20:26,02:57,,02:53,,,,,,,,,,,,,,,,,,,,,,,,,,,,,,
#1067488,2/3/2026,Cashback,Lucas,Aberto,20:40,20:47,7,16:27,20:47,04:20,,04:13,,,,,,,,,,,,,,,,,,,,,,,,,,,,,,
#1067801,2/3/2026,MED,Lucas,Aberto,20:48,20:50,2,19:52,20:50,00:58,,00:56,,,,,,,,,,,,,,,,,,,,,,,,,,,,,,
#1067471,2/3/2026,Cashback,Lucas,Aberto,21:06,21:07,1,16:21,21:07,04:46,,04:45,,,,,,,,,,,,,,,,,,,,,,,,,,,,,,
#1067459,2/3/2026,Cashback,Lucas,Aberto,21:10,21:12,2,16:16,21:12,04:56,,04:54,,,,,,,,,,,,,,,,,,,,,,,,,,,,,,
#1019971,2/2/2026,Indique e ganhe,Lucas,Aberto,21:21,21:33,12,23:21,21:33,16 dias,19 janeiro,,,,,,,,,,,,,,,,,,,,,,,,,,,,,,,
#1068056,2/3/2026,KYC/Reembolso,Lucas,Aberto,21:35,21:38,3,21:12,21:38,00:26,,00:23,,,,,,,,,,,,,,,,,,,,,,,,,,,,,,
#1068210,2/3/2026,KYC/Reembolso,Lucas,Aberto,22:15,22:18,3,22:08,22:18,00:10,,00:07,,,,,,,,,,,,,,,,,,,,,,,,,,,,,,
,,,,,,,,,,00:00,,00:00,,,,,,,,,,,,,,,,,,,,,,,,,,,,,,
#1068008,2/4/2026,Cashback,Bárbara,Aberto,01:34,01:35,1,23:37,02:08,02:29,03 janeiro,01:50,,,,,,,,,,,,,,,,,,,,,,,,,,,,,,
#1068328,2/4/2026,Troca de E-mail,Bárbara,Aberto,01:41,01:44,3,23:22,01:44,01:19,03 janeiro,,,,,,,,,,,,,,,,,,,,,,,,,,,,,,,
#1068766,2/4/2026,KYC/Reembolso,Bárbara,Aberto,01:47,01:51,4,01:19,01:52,00:33,,00:28,,,,,,,,,,,,,,,,,,,,,,,,,,,,,,
#1069202,2/4/2026,Cashback,Bárbara,Aberto,03:09,03:10,1,01:43,03:10,01:27,,01:26,,,,,,,,,,,,,,,,,,,,,,,,,,,,,,
#1069244,2/4/2026,Bloqueio/Fraude,Bárbara,Aberto,02:19,02:21,2,01:45,02:21,00:36,,00:34,,,,,,,,,,,,,,,,,,,,,,,,,,,,,,
#1069502,2/4/2026,KYC/Reembolso,Bárbara,Aberto,04:54,04:58,4,04:33,05:00,00:27,,00:21,,,,,,,,,,,,,,,,,,,,,,,,,,,,,,
#1069534,2/4/2026,Erro Plataforma,Bárbara,Aberto,05:50,05:52,2,05:38,05:52,00:14,,00:12,,,,,,,,,,,,,,,,,,,,,,,,,,,,,,
#1069579,2/4/2026,KYC/Reembolso,Bárbara,Aberto,06:44,06:47,3,06:38,06:47,00:09,,00:06,,,,,,,,,,,,,,,,,,,,,,,,,,,,,,
,,,,,,,,,,00:00,,00:00,,,,,,,,,,,,,,,,,,,,,,,,,,,,,,
#1073595,2/5/2026,Cashback,Bárbara,Aberto,19:28,19:29,1,12:42,19:36,06:54,,06:46,,,,,,,,,,,,,,,,,,,,,,,,,,,,,,
#1074445,2/5/2026,Cashback,Bárbara,Aberto,19:31,19:32,1,17:35,19:40,02:05,,01:56,,,,,,,,,,,,,,,,,,,,,,,,,,,,,,
#1074587,2/5/2026,Troca de E-mail,Bárbara,Aberto,19:35,19:40,5,18:44,19:40,00:56,,00:51,,,,,,,,,,,,,,,,,,,,,,,,,,,,,,
#1074497,2/5/2026,Indique e ganhe,Bárbara,Aberto,19:56,20:00,4,18:31,21:37,03:06,,01:25,,,,,,,,,,,,,,,,,,,,,,,,,,,,,,
#1074914,2/5/2026,"Financeiro (Depósito, saque e Devolução)",Bárbara,Aberto,21:38,21:41,3,20:57,21:41,00:44,,00:41,,,,,,,,,,,,,,,,,,,,,,,,,,,,,,
#1074939,2/5/2026,Troca de E-mail,Bárbara,Aberto,21:43,21:46,3,21:04,21:46,00:42,,00:39,,,,,,,,,,,,,,,,,,,,,,,,,,,,,,
#1075007,2/5/2026,KYC/Reembolso,Bárbara,Aberto,21:48,21:52,4,21:31,21:52,00:21,,00:17,,,,,,,,,,,,,,,,,,,,,,,,,,,,,,
#1075088,2/5/2026,KYC/Reembolso,Bárbara,Aberto,22:02,22:05,3,22:00,22:05,00:05,,00:02,,,,,,,,,,,,,,,,,,,,,,,,,,,,,,
#1075051,2/5/2026,Indique e ganhe,Bárbara,Aberto,22:07,22:30,23,21:40,22:30,00:50,,00:27,,,,,,,,,,,,,,,,,,,,,,,,,,,,,,
#1074947,2/5/2026,"Financeiro (Depósito, saque e Devolução)",Bárbara,Aberto,22:33,22:35,2,20:53,22:35,01:42,,01:40,,,,,,,,,,,,,,,,,,,,,,,,,,,,,,
#1075148,2/5/2026,Troca de E-mail,Bárbara,Aberto,22:54,23:02,8,22:32,23:02,00:30,,00:22,,,,,,,,,,,,,,,,,,,,,,,,,,,,,,
#1075124,2/5/2026,Erro Plataforma,Bárbara,Aberto,23:03,23:04,1,22:10,23:04,00:54,,00:53,,,,,,,,,,,,,,,,,,,,,,,,,,,,,,
#1074895,2/5/2026,"Financeiro (Depósito, saque e Devolução)",Bárbara,Aberto,23:04,23:07,3,20:44,23:06,02:22,,02:20,,,,,,,,,,,,,,,,,,,,,,,,,,,,,,
#1075295,2/5/2026,"Financeiro (Depósito, saque e Devolução)",Bárbara,Aberto,00:25,00:27,2,23:46,00:27,00:41,,01:19,,,,,,,,,,,,,,,,,,,,,,,,,,,,,,
,,,,,,,,,,,,,,,,,,,,,,,,,,,,,,,,,,,,,,,,,,
#1075077,2/6/2026,Campanhas/CRM,Lucas,Aberto,01:18,01:19,1,22:04,01:19,03:15,,03:14,,,,,,,,,,,,,,,,,,,,,,,,,,,,,,
#1075416,2/6/2026,KYC/Reembolso,Lucas,Aberto,01:29,01:31,2,01:17,02:48,01:31,,00:12,,,,,,,,,,,,,,,,,,,,,,,,,,,,,,
#1074136,2/6/2026,Cashback,Lucas,Aberto,01:42,02:05,23,15:37,02:04,10:00,,10:05,,,,,,,,,,,,,,,,,,,,,,,,,,,,,,
#1075787,2/6/2026,Cashback,Lucas,Aberto,02:10,02:12,2,01:59,02:11,00:12,,00:11,,,,,,,,,,,,,,,,,,,,,,,,,,,,,,
#1074110,2/6/2026,Aposta esportiva,Lucas,Aberto,02:23,02:42,19,15:35,02:42,12:42,,02:19,,,,,,,,,,,,,,,,,,,,,,,,,,,,,,
#1076044,2/6/2026,KYC/Reembolso,Lucas,Aberto,02:51,02:55,4,02:47,03:00,00:13,,00:04,,,,,,,,,,,,,,,,,,,,,,,,,,,,,,
#1075560,2/6/2026,Aposta esportiva,Lucas,Aberto,03:37,04:58,0,03:06,05:00,01:54,,00:31,,,,,,,,,,,,,,,,,,,,,,,,,,,,,,
#1075396,2/6/2026,Missão,Lucas,Aberto,03:49,03:52,3,03:37,03:52,00:15,,00:12,,,,,,,,,,,,,,,,,,,,,,,,,,,,,,
#1076153,2/6/2026,KYC/Reembolso,Lucas,Aberto,03:54,03:55,1,03:26,03:55,00:29,,00:28,,,,,,,,,,,,,,,,,,,,,,,,,,,,,,
#1076262,2/6/2026,"Financeiro (Depósito, saque e Devolução)",Lucas,Aberto,06:15,06:21,6,06:04,06:21,00:17,,00:11,,,,,,,,,,,,,,,,,,,,,,,,,,,,,,
#1076260,2/6/2026,Cashback,Lucas,Aberto,06:23,06:33,10,06:16,06:33,00:17,,00:07,,,,,,,,,,,,,,,,,,,,,,,,,,,,,,
#1076273,2/6/2026,Cashback,Lucas,Aberto,06:41,06:42,1,06:29,06:42,00:13,,00:12,,,,,,,,,,,,,,,,,,,,,,,,,,,,,,
#1076265,2/6/2026,Cashback,Lucas,Aberto,06:49,06:50,1,06:25,06:50,00:25,,00:24,,,,,,,,,,,,,,,,,,,,,,,,,,,,,,
,,,,,,,,,,00:00,,00:00,,,,,,,,,,,,,,,,,,,,,,,,,,,,,,
#1082112,2/7/2026,"Financeiro (Depósito, saque e Devolução)",Lucas,Aberto,20:19,20:30,11,19:52,20:31,00:39,,00:27,,,,,,,,,,,,,,,,,,,,,,,,,,,,,,
#1082844,2/7/2026,KYC/Reembolso,Lucas,Aberto,22:22,22:25,3,22:21,22:26,00:05,,00:01,,,,,,,,,,,,,,,,,,,,,,,,,,,,,,
#1082968,2/7/2026,"Financeiro (Depósito, saque e Devolução)",Bárbara,Aberto,00:37,00:40,3,22:57,00:41,01:17,,02:20,,,,,,,,,,,,,,,,,,,,,,,,,,,,,,
#1083212,2/8/2026,Erro Plataforma,Bárbara,Aberto,01:14,01:21,7,00:27,08:45,08:18,,00:47,,,,,,,,,,,,,,,,,,,,,,,,,,,,,,
#1083386,2/8/2026,KYC/Reembolso,Bárbara,Aberto,01:24,01:28,4,00:43,01:34,00:51,,00:41,,,,,,,,,,,,,,,,,,,,,,,,,,,,,,
#1082911,2/8/2026,"Financeiro (Depósito, saque e Devolução)",Bárbara,Aberto,01:29,01:32,3,22:40,01:37,03:34,,03:11,,,,,,,,,,,,,,,,,,,,,,,,,,,,,,
#1083548,2/8/2026,Troca de E-mail,Bárbara,Aberto,01:39,01:46,7,01:37,03:17,01:40,,00:02,,,,,,,,,,,,,,,,,,,,,,,,,,,,,,
#1083005,2/8/2026,Cashback,Bárbara,Aberto,01:47,02:08,21,23:16,02:08,02:56,,02:08,,,,,,,,,,,,,,,,,,,,,,,,,,,,,,
#1083640,2/8/2026,KYC/Reembolso,Bárbara,Aberto,02:10,02:13,53,01:53,02:13,00:20,,00:17,,,,,,,,,,,,,,,,,,,,,,,,,,,,,,
#1083646,2/8/2026,"Financeiro (Depósito, saque e Devolução)",Bárbara,Aberto,03:00,03:03,13,02:09,03:03,00:54,,00:51,,,,,,,,,,,,,,,,,,,,,,,,,,,,,,
#1083698,2/8/2026,Erro KYC,Bárbara,Aberto,03:03,03:13,10,02:29,03:04,00:35,,00:34,,,,,,,,,,,,,,,,,,,,,,,,,,,,,,
#1082934,2/8/2026,Indique e ganhe,Bárbara,Aberto,03:23,03:25,2,01:33,02:24,00:51,,01:50,,,,,,,,,,,,,,,,,,,,,,,,,,,,,,
#1083237,2/8/2026,KYC/Reembolso,Bárbara,Aberto,03:26,03:31,5,02:40,03:31,00:51,,00:46,,,,,,,,,,,,,,,,,,,,,,,,,,,,,,
#1083745,2/8/2026,KYC/Reembolso,Bárbara,Aberto,03:32,03:35,3,02:54,03:35,00:41,,00:38,,,,,,,,,,,,,,,,,,,,,,,,,,,,,,
#1083802,2/8/2026,KYC/Reembolso,Bárbara,Aberto,04:12,04:15,3,04:03,04:15,00:12,,00:09,,,,,,,,,,,,,,,,,,,,,,,,,,,,,,
#1083777,2/8/2026,KYC/Reembolso,Bárbara,Aberto,04:16,04:19,3,03:37,04:19,00:42,,00:39,,,,,,,,,,,,,,,,,,,,,,,,,,,,,,
#1083831,2/8/2026,"Financeiro (Depósito, saque e Devolução)",Bárbara,Aberto,04:53,05:20,27,04:50,05:20,00:30,,00:03,,,,,,,,,,,,,,,,,,,,,,,,,,,,,,
#1083889,2/8/2026,Aposta esportiva,Bárbara,Aberto,06:40,06:42,2,06:21,06:42,00:21,,00:19,,,,,,,,,,,,,,,,,,,,,,,,,,,,,,
#1083938,2/8/2026,Troca de E-mail,Bárbara,Aberto,07:01,07:04,3,07:00,07:04,00:04,,00:01,,,,,,,,,,,,,,,,,,,,,,,,,,,,,,
,,,,,,,,,,00:00,,00:00,,,,,,,,,,,,,,,,,,,,,,,,,,,,,,
#1090525,2/10/2026,Missão,Bárbara,Aberto,00:48,00:56,8,00:18,00:56,00:38,,00:30,,,,,,,,,,,,,,,,,,,,,,,,,,,,,,
#1090622,2/10/2026,Aposta esportiva,Lucas,Aberto,01:14,01:37,23,00:15,01:36,01:21,,00:59,,,,,,,,,,,,,,,,,,,,,,,,,,,,,,
#1091068,2/10/2026,Troca de E-mail,Lucas,Aberto,02:10,02:14,4,,,00:00,,02:10,,,,,,,,,,,,,,,,,,,,,,,,,,,,,,
#1091086,2/10/2026,Erro KYC,Lucas,Aberto,03:35,03:36,1,02:39,03:36,00:57,,00:56,,,,,,,,,,,,,,,,,,,,,,,,,,,,,,
#1091101,2/10/2026,Erro KYC,Lucas,Aberto,03:36,03:37,1,02:41,03:36,00:55,,00:55,,,,,,,,,,,,,,,,,,,,,,,,,,,,,,
#1091122,2/10/2026,Erro KYC,Lucas,Aberto,03:38,03:39,1,03:16,03:35,00:19,,00:22,,,,,,,,,,,,,,,,,,,,,,,,,,,,,,
#1091125,2/10/2026,Erro KYC,Lucas,Aberto,03:39,03:40,1,02:49,03:34,00:45,,00:50,,,,,,,,,,,,,,,,,,,,,,,,,,,,,,
#1091129,2/10/2026,Erro KYC,Lucas,Aberto,03:40,03:41,1,02:52,03:34,00:42,,00:48,,,,,,,,,,,,,,,,,,,,,,,,,,,,,,
#1091187,2/10/2026,Erro KYC,Lucas,Aberto,03:41,03:42,1,03:13,03:33,00:20,,00:28,,,,,,,,,,,,,,,,,,,,,,,,,,,,,,
#1091197,2/10/2026,Erro KYC,Lucas,Aberto,03:43,03:44,1,03:15,03:44,00:29,,00:28,,,,,,,,,,,,,,,,,,,,,,,,,,,,,,
#1091225,2/10/2026,Erro KYC,Lucas,Aberto,03:44,03:45,1,03:15,03:45,00:30,,00:29,,,,,,,,,,,,,,,,,,,,,,,,,,,,,,
#1091236,2/10/2026,Erro KYC,Lucas,Aberto,03:46,03:47,1,03:37,03:47,00:10,,00:09,,,,,,,,,,,,,,,,,,,,,,,,,,,,,,
#1091238,2/10/2026,Erro KYC,Lucas,Aberto,03:47,03:48,1,03:30,03:48,00:18,,00:17,,,,,,,,,,,,,,,,,,,,,,,,,,,,,,
#1091057,2/10/2026,Erro KYC,Lucas,Aberto,03:49,03:50,1,01:46,03:49,02:03,,02:03,,,,,,,,,,,,,,,,,,,,,,,,,,,,,,
#1091138,2/10/2026,Aposta esportiva,Lucas,Aberto,05:00,05:02,2,04:40,05:02,00:22,,00:20,,,,,,,,,,,,,,,,,,,,,,,,,,,,,,
#1091192,2/10/2026,Missão,Lucas,Aberto,05:06,05:07,1,04:26,05:07,00:41,,00:40,,,,,,,,,,,,,,,,,,,,,,,,,,,,,,
#1091234,2/10/2026,Indique e ganhe,Lucas,Aberto,05:14,05:19,5,04:15,05:20,01:05,,00:59,,,,,,,,,,,,,,,,,,,,,,,,,,,,,,
#1091189,2/10/2026,Giros,Lucas,Aberto,05:23,05:24,1,05:11,05:24,00:13,,00:12,,,,,,,,,,,,,,,,,,,,,,,,,,,,,,
#1091344,2/10/2026,Giros,Lucas,Aberto,05:58,06:01,3,05:42,06:01,00:19,,00:16,,,,,,,,,,,,,,,,,,,,,,,,,,,,,,
,,,,,,,,,,00:00,,00:00,,,,,,,,,,,,,,,,,,,,,,,,,,,,,,
#1098487,2/11/2026,KYC/Reembolso,Lucas,Aberto,19:57,20:03,6,19:49,20:03,00:14,,00:08,,,,,,,,,,,,,,,,,,,,,,,,,,,,,,
#1098196,2/11/2026,KYC/Reembolso,Lucas,Aberto,20:05,20:13,8,19:19,20:13,00:54,,00:46,,,,,,,,,,,,,,,,,,,,,,,,,,,,,,
#1098084,2/11/2026,KYC/Reembolso,Lucas,Aberto,20:22,20:26,4,19:06,20:26,01:20,,01:16,,,,,,,,,,,,,,,,,,,,,,,,,,,,,,
#1098007,2/11/2026,KYC/Reembolso,Lucas,Aberto,20:28,20:32,4,17:57,20:32,02:35,,02:31,,,,,,,,,,,,,,,,,,,,,,,,,,,,,,
#1097920,2/11/2026,KYC/Reembolso,Lucas,Aberto,20:33,20:36,3,17:26,20:36,03:10,,03:07,,,,,,,,,,,,,,,,,,,,,,,,,,,,,,
#1098072,2/11/2026,Cashback,Lucas,Aberto,20:52,21:02,10,17:12,21:02,03:50,,03:40,,,,,,,,,,,,,,,,,,,,,,,,,,,,,,
#1098034,2/11/2026,Cashback,Lucas,Aberto,21:15,21:22,7,16:59,21:22,04:23,,04:16,,,,,,,,,,,,,,,,,,,,,,,,,,,,,,
#1098716,2/11/2026,Erro KYC,Lucas,Aberto,21:26,21:27,1,21:04,21:27,00:23,,00:22,,,,,,,,,,,,,,,,,,,,,,,,,,,,,,
#1096489,2/11/2026,Erro Plataforma,Lucas,Aberto,21:30,21:34,2,09:16,21:34,12:18,,12:14,,,,,,,,,,,,,,,,,,,,,,,,,,,,,,
#1098821,2/11/2026,Erro Plataforma,Lucas,Aberto,21:47,21:52,5,21:30,21:52,00:22,,00:17,,,,,,,,,,,,,,,,,,,,,,,,,,,,,,
#1098860,2/11/2026,Erro KYC,Lucas,Aberto,22:02,22:32,30,21:42,22:32,00:50,,00:20,,,,,,,,,,,,,,,,,,,,,,,,,,,,,,
#1097883,2/11/2026,"Financeiro (Depósito, saque e Devolução)",Lucas,Aberto,22:34,22:38,4,16:47,22:30,05:43,,05:47,,,,,,,,,,,,,,,,,,,,,,,,,,,,,,
#1099059,2/11/2026,Erro KYC,Lucas,Aberto,22:38,22:56,18,22:30,22:56,00:26,,00:08,,,,,,,,,,,,,,,,,,,,,,,,,,,,,,
,,,,,,,,,,00:00,,00:00,,,,,,,,,,,,,,,,,,,,,,,,,,,,,,
#1099554,2/12/2026,KYC/Reembolso,Bárbara,Aberto,01:48,01:54,6,01:10,01:54,00:44,,00:38,,,,,,,,,,,,,,,,,,,,,,,,,,,,,,
#1099432,2/12/2026,"Financeiro (Depósito, saque e Devolução)",Bárbara,Aberto,02:35,02:43,8,00:26,02:43,02:17,,02:09,,,,,,,,,,,,,,,,,,,,,,,,,,,,,,
#1100312,2/12/2026,KYC/Reembolso,Bárbara,Aberto,04:02,04:12,10,03:41,04:12,00:31,,00:21,,,,,,,,,,,,,,,,,,,,,,,,,,,,,,
#1100363,2/12/2026,KYC/Reembolso,Bárbara,Aberto,04:47,04:52,5,04:42,04:52,00:10,,00:05,,,,,,,,,,,,,,,,,,,,,,,,,,,,,,
#1100097,2/12/2026,KYC/Reembolso,Bárbara,Aberto,05:01,05:04,3,04:40,05:04,00:24,,00:21,,,,,,,,,,,,,,,,,,,,,,,,,,,,,,
#1100227,2/12/2026,Erro KYC,Bárbara,Aberto,05:04,05:13,9,03:09,05:13,02:04,,01:55,,,,,,,,,,,,,,,,,,,,,,,,,,,,,,
#1100362,2/12/2026,KYC/Reembolso,Bárbara,Aberto,05:11,05:16,5,04:45,05:16,00:31,,00:26,,,,,,,,,,,,,,,,,,,,,,,,,,,,,,
#1100399,2/12/2026,KYC/Reembolso,Bárbara,Aberto,05:47,05:50,3,05:46,05:50,00:04,,00:01,,,,,,,,,,,,,,,,,,,,,,,,,,,,,,
#1100413,2/12/2026,KYC/Reembolso,Bárbara,Aberto,06:33,06:37,4,06:25,06:37,00:12,,00:08,,,,,,,,,,,,,,,,,,,,,,,,,,,,,,
#1100404,2/12/2026,Cassino,Lucas,Aberto,06:46,06:49,3,06:45,06:49,00:04,,00:01,,,,,,,,,,,,,,,,,,,,,,,,,,,,,,
#1100439,2/12/2026,Cashback,Bárbara,Aberto,06:47,06:49,2,05:43,06:49,01:06,,01:04,,,,,,,,,,,,,,,,,,,,,,,,,,,,,,
#1100445,2/12/2026,Campanhas/CRM,Bárbara,Aberto,06:50,06:53,3,06:42,06:53,00:11,,00:08,,,,,,,,,,,,,,,,,,,,,,,,,,,,,,
,,,,,,,,,,00:00,,00:00,,,,,,,,,,,,,,,,,,,,,,,,,,,,,,
#1105525,2/13/2026,Troca de E-mail,Bárbara,Aberto,20:33,20:40,7,19:37,20:40,01:03,,00:56,,,,,,,,,,,,,,,,,,,,,,,,,,,,,,
#1105715,2/13/2026,Troca de E-mail,Bárbara,Aberto,21:43,21:49,6,21:28,21:49,00:21,,00:15,OPC-203701,,,,,,,,,,,,,,,,,,,,,,,,,,,,,
#34711452,2/13/2026,"Financeiro (Depósito, saque e Devolução)",Bárbara,Aberto,22:16,22:19,3,22:06,22:19,00:13,,00:10,,,,,,,,,,,,,,,,,,,,,,,,,,,,,,
#1106222,2/13/2026,"Financeiro (Depósito, saque e Devolução)",Bárbara,Aberto,00:32,00:34,2,23:31,00:34,00:58,,###############################################################################################################################################################################################################################################################,,,,,,,,,,,,,,,,,,,,,,,,,,,,,,
#1106254,2/13/2026,"Financeiro (Depósito, saque e Devolução)",Bárbara,Aberto,00:49,00:50,1,00:03,00:50,00:47,,00:46,,,,,,,,,,,,,,,,,,,,,,,,,,,,,,
#1106053,2/13/2026,"Financeiro (Depósito, saque e Devolução)",Bárbara,Aberto,00:51,00:53,2,23:22,00:53,00:30,,###############################################################################################################################################################################################################################################################,,,,,,,,,,,,,,,,,,,,,,,,,,,,,,
,,,,,,,,,,00:00,,00:00,,,,,,,,,,,,,,,,,,,,,,,,,,,,,,
#1068043,2/14/2026,Troca de E-mail,Bárbara,Aberto,01:00,00:06,-54,21:15,01:06,03:09,,###############################################################################################################################################################################################################################################################,,,,,,,,,,,,,,,,,,,,,,,,,,,,,,
#1106326,2/14/2026,Erro Plataforma,Bárbara,Aberto,01:15,01:18,3,00:59,01:18,00:19,,00:16,,,,,,,,,,,,,,,,,,,,,,,,,,,,,,
#1106172,2/14/2026,Erro Plataforma,Bárbara,Aberto,01:19,01:23,4,23:51,01:23,01:30,,###############################################################################################################################################################################################################################################################,,,,,,,,,,,,,,,,,,,,,,,,,,,,,,
#1106297,2/14/2026,"Financeiro (Depósito, saque e Devolução)",Bárbara,Aberto,01:24,01:25,1,00:33,01:25,00:52,,00:51,,,,,,,,,,,,,,,,,,,,,,,,,,,,,,
#1106602,2/14/2026,"Financeiro (Depósito, saque e Devolução)",Bárbara,Aberto,01:34,01:37,3,01:21,01:37,00:16,,00:13,,,,,,,,,,,,,,,,,,,,,,,,,,,,,,
#1106012,2/14/2026,Troca de E-mail,Bárbara,Aberto,01:31,01:33,2,00:48,01:33,00:45,,00:43,,,,,,,,,,,,,,,,,,,,,,,,,,,,,,
,,,,,,,,,,00:00,,00:00,,,,,,,,,,,,,,,,,,,,,,,,,,,,,,
#1105727,2/14/2026,Cashback,Lucas,Aberto,01:42,01:45,3,23:35,01:45,00:50,,###############################################################################################################################################################################################################################################################,,,,,,,,,,,,,,,,,,,,,,,,,,,,,,
#1106385,2/14/2026,Cassino,Lucas,Aberto,01:50,01:57,7,01:17,01:57,00:40,,00:33,,,,,,,,,,,,,,,,,,,,,,,,,,,,,,
#1106704,2/14/2026,Cassino,Lucas,Aberto,03:34,03:36,2,03:28,03:30,00:02,,00:06,,,,,,,,,,,,,,,,,,,,,,,,,,,,,,
#1106899,2/14/2026,KYC/Reembolso,Lucas,Aberto,04:43,04:46,3,04:10,04:46,00:36,,00:33,,,,,,,,,,,,,,,,,,,,,,,,,,,,,,
#1106917,2/14/2026,Erro Plataforma,Lucas,Aberto,04:51,04:52,1,04:12,04:52,00:40,,00:39,,,,,,,,,,,,,,,,,,,,,,,,,,,,,,
#1106956,2/14/2026,Campanhas/CRM,Lucas,Aberto,05:26,05:37,11,05:20,05:37,00:17,,00:06,,,,,,,,,,,,,,,,,,,,,,,,,,,,,,
#1106981,2/14/2026,Missão,Lucas,Aberto,05:39,05:41,2,05:30,05:41,00:11,,00:09,,,,,,,,,,,,,,,,,,,,,,,,,,,,,,
#1106986,2/14/2026,Aposta esportiva,Lucas,Aberto,05:52,06:01,9,05:44,06:01,00:17,,00:08,,,,,,,,,,,,,,,,,,,,,,,,,,,,,,
#1106944,2/14/2026,Campanhas/CRM,Lucas,Em espera,06:11,06:21,10,05:58,06:21,00:23,,00:13,,,,,,,,,,,,,,,,,,,,,,,,,,,,,,
#1106943,2/14/2026,Indique e ganhe,Lucas,Aberto,06:25,06:33,8,06:03,06:33,00:30,,00:22,,,,,,,,,,,,,,,,,,,,,,,,,,,,,,
,,,,,,,,,,00:00,,00:00,,,,,,,,,,,,,,,,,,,,,,,,,,,,,,
#1110795,2/15/2026,Campanhas/CRM,Lucas,Em espera,21:15,21:17,2,19:07,21:17,02:10,,02:08,,,,,,,,,,,,,,,,,,,,,,,,,,,,,,
#1110956,2/15/2026,"Financeiro (Depósito, saque e Devolução)",Lucas,Aberto,21:21,21:22,1,20:39,21:22,00:43,,00:42,,,,,,,,,,,,,,,,,,,,,,,,,,,,,,
#1110936,2/15/2026,Cashback,Lucas,Aberto,21:50,21:53,3,21:40,21:53,00:13,,00:10,,,,,,,,,,,,,,,,,,,,,,,,,,,,,,
#1109629,2/15/2026,"Financeiro (Depósito, saque e Devolução)",Lucas,Aberto,22:25,22:31,6,07:06,22:31,15:25,,15:19,,,,,,,,,,,,,,,,,,,,,,,,,,,,,,
#1110796,2/15/2026,Cassino,Lucas,Aberto,22:44,22:47,3,22:11,22:47,00:36,,00:33,,,,,,,,,,,,,,,,,,,,,,,,,,,,,,
#1111150,2/15/2026,KYC/Reembolso,Lucas,Aberto,23:20,23:23,3,22:56,23:33,00:37,,00:24,,,,,,,,,,,,,,,,,,,,,,,,,,,,,,
#1111013,2/15/2026,Campanhas/CRM,Lucas,Aberto,23:25,23:29,4,23:18,23:29,00:11,,00:07,,,,,,,,,,,,,,,,,,,,,,,,,,,,,,
#1111221,2/15/2026,KYC/Reembolso,Lucas,Aberto,23:33,23:36,3,23:25,23:37,00:12,,00:08,,,,,,,,,,,,,,,,,,,,,,,,,,,,,,
,,,,,,,,,,00:00,,00:00,,,,,,,,,,,,,,,,,,,,,,,,,,,,,,
#1111250,2/16/2026,KYC/Reembolso,Bárbara,Aberto,00:17,00:23,6,23:53,00:23,00:30,,###############################################################################################################################################################################################################################################################,,,,,,,,,,,,,,,,,,,,,,,,,,,,,,
#1111145,2/16/2026,Aposta esportiva,Bárbara,Aberto,02:16,03:48,92,00:03,03:48,03:45,,02:13,,,,,,,,,,,,,,,,,,,,,,,,,,,,,,
#1117111,2/16/2026,"Financeiro (Depósito, saque e Devolução)",Bárbara,Aberto,03:05,03:17,12,23:53,00:23,00:30,,###############################################################################################################################################################################################################################################################,,,,,,,,,,,,,,,,,,,,,,,,,,,,,,
#1111837,2/16/2026,KYC/Reembolso,Bárbara,Aberto,03:43,03:47,4,03:43,03:48,00:05,,00:00,,,,,,,,,,,,,,,,,,,,,,,,,,,,,,
#1111075,2/16/2026,Cassino,Bárbara,Aberto,03:50,03:51,1,01:10,03:58,02:48,,02:40,,,,,,,,,,,,,,,,,,,,,,,,,,,,,,
,,,,,,,,,,00:00,,00:00,,,,,,,,,,,,,,,,,,,,,,,,,,,,,,
#1117670,2/17/2026,KYC/Reembolso,Bárbara,Aberto,19:38,19:41,3,19:30,19:44,00:14,,00:08,,,,,,,,,,,,,,,,,,,,,,,,,,,,,,
#1117775,2/17/2026,Erro Plataforma,Bárbara,Aberto,20:46,20:48,2,20:32,20:44,00:12,,00:14,,,,,,,,,,,,,,,,,,,,,,,,,,,,,,
#1118155,2/17/2026,Erro KYC,Lucas,Aberto,22:13,22:18,5,22:00,22:22,00:22,,00:13,,,,,,,,,,,,,,,,,,,,,,,,,,,,,,
#1118045,2/17/2026,KYC/Reembolso,Lucas,Aberto,22:22,22:24,2,21:30,22:25,00:55,,00:52,,,,,,,,,,,,,,,,,,,,,,,,,,,,,,
#1118404,2/17/2026,KYC/Reembolso,Lucas,Aberto,23:29,23:31,2,23:26,23:32,00:06,,00:03,,,,,,,,,,,,,,,,,,,,,,,,,,,,,,
#1118415,2/17/2026,KYC/Reembolso,Lucas,Aberto,23:37,23:40,3,23:30,23:41,00:11,,00:07,,,,,,,,,,,,,,,,,,,,,,,,,,,,,,
#1118501,2/18/2026,"Financeiro (Depósito, saque e Devolução)",Lucas,Aberto,01:06,01:08,2,23:59,01:08,01:07,,###############################################################################################################################################################################################################################################################,,,,,,,,,,,,,,,,,,,,,,,,,,,,,,
#1118389,2/18/2026,KYC/Reembolso,Lucas,Aberto,01:08,01:11,3,00:04,01:12,01:08,,01:04,,,,,,,,,,,,,,,,,,,,,,,,,,,,,,
#1118927,2/18/2026,KYC/Reembolso,Lucas,Aberto,01:59,02:01,2,01:55,02:35,00:40,,00:04,,,,,,,,,,,,,,,,,,,,,,,,,,,,,,
#1119102,2/18/2026,"Financeiro (Depósito, saque e Devolução)",Lucas,Aberto,05:00,05:03,3,04:19,04:22,00:03,,00:41,,,,,,,,,,,,,,,,,,,,,,,,,,,,,,
#1119011,2/18/2026,Missão,Lucas,Aberto,05:19,05:22,3,05:07,05:10,00:03,,00:12,,,,,,,,,,,,,,,,,,,,,,,,,,,,,,
#1119133,2/18/2026,KYC/Reembolso,Lucas,Aberto,06:06,06:11,5,05:55,06:11,00:16,,00:11,,,,,,,,,,,,,,,,,,,,,,,,,,,,,,
#1119155,2/18/2026,Erro Plataforma,Lucas,Em espera,06:53,06:58,5,06:49,06:58,00:09,,00:04,,,,,,,,,,,,,,,,,,,,,,,,,,,,,,
,,,,,,,,,,00:00,,00:00,,,,,,,,,,,,,,,,,,,,,,,,,,,,,,
#1124353,2/19/2026,Indique e ganhe,Lucas,Aberto,19:14,19:19,5,18:50,19:19,00:29,,00:24,,,,,,,,,,,,,,,,,,,,,,,,,,,,,,
#1124389,2/19/2026,"Financeiro (Depósito, saque e Devolução)",Lucas,Aberto,19:21,19:26,5,19:14,19:26,00:12,,00:07,,,,,,,,,,,,,,,,,,,,,,,,,,,,,,
#1124227,2/19/2026,MED,Lucas,Aberto,19:31,19:33,2,17:57,19:33,01:36,,01:34,,,,,,,,,,,,,,,,,,,,,,,,,,,,,,
#1123987,2/19/2026,Cassino,Lucas,Aberto,19:35,19:38,3,16:31,19:38,03:07,,03:04,,,,,,,,,,,,,,,,,,,,,,,,,,,,,,
#1123955,2/19/2026,Cassino,Lucas,Aberto,19:44,19:47,3,16:22,19:47,03:25,,03:22,,,,,,,,,,,,,,,,,,,,,,,,,,,,,,
#1122920,2/19/2026,Indique e ganhe,Lucas,Aberto,19:54,19:55,1,18:52,19:55,01:03,,01:02,,,,,,,,,,,,,,,,,,,,,,,,,,,,,,
#1124569,2/19/2026,"Financeiro (Depósito, saque e Devolução)",Lucas,Aberto,20:09,20:12,3,20:08,20:12,00:04,,00:01,,,,,,,,,,,,,,,,,,,,,,,,,,,,,,
#1119155,2/19/2026,Erro Plataforma,Lucas,Aberto,,,,06:49,20:44,13:55,,###############################################################################################################################################################################################################################################################,,,,,,,,,,,,,,,,,,,,,,,,,,,,,,
#1124584,2/19/2026,Erro KYC,Lucas,Aberto,20:44,20:46,2,20:30,20:55,00:25,,00:14,,,,,,,,,,,,,,,,,,,,,,,,,,,,,,
#1124558,2/19/2026,KYC/Reembolso,Lucas,Aberto,20:51,20:54,3,20:30,20:55,00:25,,00:21,,,,,,,,,,,,,,,,,,,,,,,,,,,,,,
#1124533,2/19/2026,KYC/Reembolso,Lucas,Aberto,20:56,20:59,3,20:41,21:05,00:24,,00:15,,,,,,,,,,,,,,,,,,,,,,,,,,,,,,
#1124357,2/19/2026,Erro Plataforma,Lucas,Aberto,21:01,21:06,5,19:44,21:06,01:22,,01:17,,,,,,,,,,,,,,,,,,,,,,,,,,,,,,
#1124625,2/19/2026,Troca de E-mail,Lucas,Aberto,21:09,21:11,2,20:47,21:11,00:24,,00:22,,,,,,,,,,,,,,,,,,,,,,,,,,,,,,
#1123886,2/19/2026,Erro Plataforma,Lucas,Aberto,21:14,21:17,3,16:29,21:17,04:48,,04:45,,,,,,,,,,,,,,,,,,,,,,,,,,,,,,
#1123487,2/19/2026,Cassino,Lucas,Aberto,21:28,21:29,1,19:21,21:29,02:08,,02:07,,,,,,,,,,,,,,,,,,,,,,,,,,,,,,
#1124749,2/19/2026,KYC/Reembolso,Lucas,Aberto,21:49,21:52,3,21:38,21:53,00:15,,00:11,,,,,,,,,,,,,,,,,,,,,,,,,,,,,,
#1125019,2/19/2026,KYC/Reembolso,Lucas,Aberto,22:47,22:48,1,22:34,22:49,00:15,,00:13,,,,,,,,,,,,,,,,,,,,,,,,,,,,,,
,,,,,,,,,,,,00:00,,,,,,,,,,,,,,,,,,,,,,,,,,,,,,
#1125072,2/20/2026,"Financeiro (Depósito, saque e Devolução)",Bárbara,Aberto,00:13,00:25,12,22:45,01:40,02:50,,###############################################################################################################################################################################################################################################################,,,,,,,,,,,,,,,,,,,,,,,,,,,,,,
#1125851,2/20/2026,Indique e ganhe,Bárbara,Aberto,02:35,02:42,7,01:51,02:42,00:51,,00:44,,,,,,,,,,,,,,,,,,,,,,,,,,,,,,
#1126138,2/20/2026,Campanhas/CRM,Bárbara,Aberto,06:12,06:16,4,05:47,06:16,00:29,,00:25,,,,,,,,,,,,,,,,,,,,,,,,,,,,,,
#1126076,2/20/2026,Campanhas/CRM,Bárbara,Aberto,06:24,06:35,11,04:45,06:35,01:50,,01:39,,,,,,,,,,,,,,,,,,,,,,,,,,,,,,
#1126171,2/20/2026,KYC/Reembolso,Lucas,Aberto,06:33,06:35,2,06:08,06:35,00:27,,00:25,,,,,,,,,,,,,,,,,,,,,,,,,,,,,,
#1126059,2/20/2026,Aposta esportiva,Lucas,Aberto,06:46,06:57,11,05:22,06:57,01:35,,01:24,,,,,,,,,,,,,,,,,,,,,,,,,,,,,,
,,,,,,,,,,00:00,,00:00,,,,,,,,,,,,,,,,,,,,,,,,,,,,,,
#1133092,21/02/2026,Troca de E-mail,Bárbara,Aberto,19:39,19:45,6,19:31,19:45,00:14,,00:08,,,,,,,,,,,,,,,,,,,,,,,,,,,,,,
#1133229,21/02/2026,Erro Plataforma,Bárbara,Aberto,20:29,20:31,2,20:05,20:31,00:26,,00:24,,,,,,,,,,,,,,,,,,,,,,,,,,,,,,
#1133204,21/02/2026,KYC/Reembolso,Bárbara,Aberto,20:44,20:50,6,20:36,20:50,00:14,,00:08,,,,,,,,,,,,,,,,,,,,,,,,,,,,,,
#1133668,21/02/2026,"Financeiro (Depósito, saque e Devolução)",Bárbara,Aberto,22:29,22:34,5,22:06,22:34,00:28,,00:23,,,,,,,,,,,,,,,,,,,,,,,,,,,,,,
,,,,,,,,,,00:00,,00:00,,,,,,,,,,,,,,,,,,,,,,,,,,,,,,
#1133977,2/22/2026,KYC/Reembolso,Lucas,Aberto,01:30,01:32,2,23:38,01:32,02:30,,###############################################################################################################################################################################################################################################################,,,,,,,,,,,,,,,,,,,,,,,,,,,,,,
#1133897,2/22/2026,KYC/Reembolso,Lucas,Aberto,01:35,01:37,2,23:14,01:36,02:15,,###############################################################################################################################################################################################################################################################,,,,,,,,,,,,,,,,,,,,,,,,,,,,,,
#1133293,2/22/2026,KYC/Reembolso,Lucas,Aberto,01:41,01:43,2,23:00,01:43,02:43,,###############################################################################################################################################################################################################################################################,,,,,,,,,,,,,,,,,,,,,,,,,,,,,,
#1133883,2/22/2026,KYC/Reembolso,Lucas,Aberto,01:46,01:51,5,23:24,01:51,02:33,,###############################################################################################################################################################################################################################################################,,,,,,,,,,,,,,,,,,,,,,,,,,,,,,
#1134170,2/22/2026,Troca de E-mail,Lucas,Aberto,02:56,03:03,7,00:41,03:02,02:21,,02:15,,,,,,,,,,,,,,,,,,,,,,,,,,,,,,
#1134787,2/22/2026,KYC/Reembolso,Lucas,Aberto,03:24,03:27,3,03:19,03:27,00:08,,00:05,,,,,,,,,,,,,,,,,,,,,,,,,,,,,,
# 1134606,2/22/2026,Aposta esportiva,Lucas,Aberto,03:29,06:20,171,03:20,06:20,03:00,,00:09,,,,,,,,,,,,,,,,,,,,,,,,,,,,,,
#1134802,2/22/2026,KYC/Reembolso,Lucas,Aberto,03:48,03:51,3,03:36,03:51,00:15,,00:12,,,,,,,,,,,,,,,,,,,,,,,,,,,,,,
#1134823,2/22/2026,KYC/Reembolso,Lucas,Aberto,03:51,03:54,3,03:48,03:54,00:06,,00:03,,,,,,,,,,,,,,,,,,,,,,,,,,,,,,
#1134945,2/22/2026,Troca de E-mail,Lucas,Aberto,06:45,06:50,5,06:40,06:50,00:10,,00:05,,,,,,,,,,,,,,,,,,,,,,,,,,,,,,
,,,,,,,,,,00:00,,00:00,,,,,,,,,,,,,,,,,,,,,,,,,,,,,,
#1140351,2/23/2026,KYC/Reembolso,Lucas,Aberto,19:13,19:16,3,19:08,19:16,00:08,,00:05,,,,,,,,,,,,,,,,,,,,,,,,,,,,,,
#1140292,2/23/2026,"Financeiro (Depósito, saque e Devolução)",Lucas,Aberto,19:26,19:35,9,19:09,19:35,00:26,,00:17,,,,,,,,,,,,,,,,,,,,,,,,,,,,,,
#1140560,2/23/2026,"Financeiro (Depósito, saque e Devolução)",Lucas,Aberto,19:42,19:45,3,19:19,19:45,00:26,,00:23,,,,,,,,,,,,,,,,,,,,,,,,,,,,,,
#1140576,2/23/2026,Erro Plataforma,Lucas,Aberto,19:51,20:50,59,19:44,20:50,01:06,,00:07,,,,,,,,,,,,,,,,,,,,,,,,,,,,,,
#1140646,2/23/2026,Troca de E-mail,Lucas,Aberto,20:20,20:23,3,20:01,20:23,00:22,,00:19,,,,,,,,,,,,,,,,,,,,,,,,,,,,,,
#1140654,2/23/2026,"Financeiro (Depósito, saque e Devolução)",Lucas,Em espera,20:33,20:45,12,20:12,20:45,00:33,,00:21,,,,,,,,,,,,,,,,,,,,,,,,,,,,,,
#1140765,2/23/2026,Bloqueio/Fraude,Lucas,Aberto,21:02,21:03,1,20:48,21:03,00:15,,00:14,,,,,,,,,,,,,,,,,,,,,,,,,,,,,,
#1140714,2/23/2026,Cashback,Lucas,Aberto,21:11,21:15,4,20:39,21:15,00:36,,00:32,,,,,,,,,,,,,,,,,,,,,,,,,,,,,,
#1140270,2/23/2026,Cashback,Lucas,Aberto,21:22,21:27,5,18:31,21:27,02:56,,02:51,,,,,,,,,,,,,,,,,,,,,,,,,,,,,,
#1141065,2/23/2026,KYC/Reembolso,Lucas,Aberto,22:23,22:26,3,21:52,22:26,00:34,,00:31,,,,,,,,,,,,,,,,,,,,,,,,,,,,,,
#1141107,2/23/2026,Bloqueio/Fraude,Lucas,Aberto,22:32,22:32,0,22:25,22:32,00:07,,00:07,,,,,,,,,,,,,,,,,,,,,,,,,,,,,,
#1140828,2/23/2026,KYC/Reembolso,Lucas,Aberto,22:33,22:39,6,21:34,22:39,01:05,,00:59,,,,,,,,,,,,,,,,,,,,,,,,,,,,,,
#1141062,2/23/2026,KYC/Reembolso,Lucas,Aberto,22:43,22:45,2,22:37,22:45,00:08,,00:06,,,,,,,,,,,,,,,,,,,,,,,,,,,,,,
#1140822,2/23/2026,"Financeiro (Depósito, saque e Devolução)",Lucas,Em espera,22:46,22:54,8,21:03,23:04,02:01,,01:43,,,,,,,,,,,,,,,,,,,,,,,,,,,,,,
#1140708,2/23/2026,Troca de E-mail,Lucas,Aberto,22:56,23:23,27,20:46,23:13,02:27,,02:10,,,,,,,,,,,,,,,,,,,,,,,,,,,,,,
#1140610,2/23/2026,KYC/Reembolso,Lucas,Aberto,23:18,23:22,4,20:08,23:27,03:19,,03:10,,,,,,,,,,,,,,,,,,,,,,,,,,,,,,
#1127856,2/23/2026,Cashback,Lucas,Aberto,23:22,23:32,10,17:20,23:32,06:12,,06:02,,,,,,,,,,,,,,,,,,,,,,,,,,,,,,
#1141200,2/23/2026,Troca de E-mail,Lucas,Aberto,23:45,23:49,4,23:40,23:49,00:09,,00:05,,,,,,,,,,,,,,,,,,,,,,,,,,,,,,
,,,,,,,,,,00:00,,00:00,,,,,,,,,,,,,,,,,,,,,,,,,,,,,,
#1141397,2/24/2026,KYC/Reembolso,Bárbara,Aberto,00:17,00:22,5,00:01,00:22,00:21,,00:16,,,,,,,,,,,,,,,,,,,,,,,,,,,,,,
#1141399,2/24/2026,Troca de E-mail,Bárbara,Aberto,00:28,00:50,22,23:50,00:50,01:50,,###############################################################################################################################################################################################################################################################,,,,,,,,,,,,,,,,,,,,,,,,,,,,,,
#1141860,2/24/2026,KYC/Reembolso,Bárbara,Aberto,01:49,01:57,8,01:42,01:57,00:15,,00:07,,,,,,,,,,,,,,,,,,,,,,,,,,,,,,
#1141930,2/24/2026,Cashback,Bárbara,Aberto,03:05,03:10,5,03:05,03:10,00:05,,00:00,,,,,,,,,,,,,,,,,,,,,,,,,,,,,,
#1141930,2/24/2026,"Financeiro (Depósito, saque e Devolução)",Bárbara,Aberto,03:12,04:08,56,04:05,04:10,00:05,,###############################################################################################################################################################################################################################################################,,,,,,,,,,,,,,,,,,,,,,,,,,,,,,
#1141365,2/24/2026,"Financeiro (Depósito, saque e Devolução)",Bárbara,Aberto,03:37,03:40,3,23:45,03:40,03:35,,###############################################################################################################################################################################################################################################################,,,,,,,,,,,,,,,,,,,,,,,,,,,,,,
#1142033,2/24/2026,Aposta esportiva,Bárbara,Aberto,04:49,04:51,2,04:20,04:51,00:31,,00:29,,,,,,,,,,,,,,,,,,,,,,,,,,,,,,
#1142057,2/24/2026,"Financeiro (Depósito, saque e Devolução)",Bárbara,Aberto,05:03,05:05,2,04:51,05:05,00:14,,00:12,,,,,,,,,,,,,,,,,,,,,,,,,,,,,,
#1142053,2/24/2026,Missão,Bárbara,Aberto,05:04,05:30,26,05:04,05:30,00:26,,00:00,,,,,,,,,,,,,,,,,,,,,,,,,,,,,,
#1142109,2/24/2026,Cassino,Bárbara,Aberto,06:23,06:27,4,06:04,06:27,00:23,,00:19,,,,,,,,,,,,,,,,,,,,,,,,,,,,,,
,,,,,,,,,,00:00,,00:00,,,,,,,,,,,,,,,,,,,,,,,,,,,,,,
#1148017,2/25/2026,Troca de E-mail,Bárbara,Aberto,19:06,19:10,4,18:58,19:10,00:12,,00:08,,,,,,,,,,,,,,,,,,,,,,,,,,,,,,
#1148603,2/25/2026,Aposta esportiva,Bárbara,Aberto,21:08,21:11,3,21:08,21:11,00:03,,00:00,,,,,,,,,,,,,,,,,,,,,,,,,,,,,,
#1148648,2/25/2026,Erro KYC,Bárbara,Em espera,21:31,21:32,1,20:56,21:32,00:36,,00:35,,,,,,,,,,,,,,,,,,,,,,,,,,,,,,
#1148504,2/25/2026,Campanhas/CRM,Bárbara,Aberto,21:38,21:40,2,21:10,21:40,00:30,,00:28,,,,,,,,,,,,,,,,,,,,,,,,,,,,,,
#1149131,2/25/2026,Erro Plataforma,Lucas,Aberto,23:58,00:03,5,23:12,00:03,00:58,,00:46,,,,,,,,,,,,,,,,,,,,,,,,,,,,,,
,,,,,,,3,,,00:00,,00:00,,,,,,,,,,,,,,,,,,,,,,,,,,,,,,
#1149526,2/26/2026,KYC/Reembolso,Lucas,Aberto,01:20,01:23,1,00:52,01:23,00:31,,00:28,,,,,,,,,,,,,,,,,,,,,,,,,,,,,,
#1149450,2/26/2026,Giros,Lucas,Aberto,01:36,01:37,1,00:20,01:37,01:17,,01:16,,,,,,,,,,,,,,,,,,,,,,,,,,,,,,
#1149071,2/26/2026,Giros,Lucas,Aberto,01:48,01:49,1,23:22,01:49,01:37,,###############################################################################################################################################################################################################################################################,,,,,,,,,,,,,,,,,,,,,,,,,,,,,,
#1149805,2/26/2026,Missão,Lucas,Aberto,02:02,02:03,1,01:31,02:03,00:32,,00:31,,,,,,,,,,,,,,,,,,,,,,,,,,,,,,
#1149781,2/26/2026,"Financeiro (Depósito, saque e Devolução)",Lucas,Aberto,02:08,02:20,12,01:50,02:20,00:30,,00:18,,,,,,,,,,,,,,,,,,,,,,,,,,,,,,
#1150067,2/26/2026,Erro KYC,Lucas,Em espera,02:39,02:41,2,02:32,02:41,00:09,,00:07,,,,,,,,,,,,,,,,,,,,,,,,,,,,,,
#1150227,2/26/2026,MED,Lucas,Aberto,03:42,03:51,9,03:33,03:51,00:18,,00:09,,,,,,,,,,,,,,,,,,,,,,,,,,,,,,
#1150093,2/26/2026,Giros,Lucas,Aberto,04:39,04:40,1,03:55,04:40,00:45,,00:44,,,,,,,,,,,,,,,,,,,,,,,,,,,,,,
#1149968,2/26/2026,Giros,Lucas,Aberto,05:02,05:03,1,04:52,05:03,00:11,,00:10,,,,,,,,,,,,,,,,,,,,,,,,,,,,,,
#1150370,2/26/2026,KYC/Reembolso,Lucas,Aberto,06:04,06:09,5,06:02,06:09,00:07,,00:02,,,,,,,,,,,,,,,,,,,,,,,,,,,,,,
#1150383,2/26/2026,Giros,Lucas,Aberto,06:19,06:25,6,06:17,06:27,00:10,,00:02,,,,,,,,,,,,,,,,,,,,,,,,,,,,,,
#1150391,2/26/2026,Erro KYC,Lucas,Em espera,06:30,06:32,2,06:23,06:32,00:09,,00:07,,,,,,,,,,,,,,,,,,,,,,,,,,,,,,
#1150406,2/26/2026,"Financeiro (Depósito, saque e Devolução)",Lucas,Aberto,06:34,06:55,21,06:34,06:55,00:21,,00:00,,,,,,,,,,,,,,,,,,,,,,,,,,,,,,
,,,,,,,,,,00:00,,00:00,,,,,,,,,,,,,,,,,,,,,,,,,,,,,,
#1156071,2/26/2026,KYC/Reembolso,Lucas,Aberto,19:32,19:35,3,19:09,19:48,00:39,,00:23,,,,,,,,,,,,,,,,,,,,,,,,,,,,,,
#1156521,2/27/2026,Troca de E-mail,Lucas,Aberto,20:38,20:43,5,20:21,20:43,00:22,,00:17,,,,,,,,,,,,,,,,,,,,,,,,,,,,,,
#1156635,2/27/2026,Giros,Lucas,Aberto,21:13,21:16,3,21:05,21:16,00:11,,00:08,,,,,,,,,,,,,,,,,,,,,,,,,,,,,,
#1156659,2/27/2026,"Financeiro (Depósito, saque e Devolução)",Lucas,Aberto,21:52,22:06,14,21:40,22:06,00:26,,00:12,,,,,,,,,,,,,,,,,,,,,,,,,,,,,,
#1156589,2/27/2026,"Financeiro (Depósito, saque e Devolução)",Lucas,Aberto,22:34,22:43,9,21:56,22:44,00:48,,00:38,,,,,,,,,,,,,,,,,,,,,,,,,,,,,,
#1156811,2/27/2026,Troca de E-mail,Lucas,Aberto,22:45,22:46,1,22:36,22:46,00:10,,00:09,,,,,,,,,,,,,,,,,,,,,,,,,,,,,,
,,,,,,,,,,00:00,,00:00,,,,,,,,,,,,,,,,,,,,,,,,,,,,,,
#1156833,2/28/2026,Troca de E-mail,Bárbara,Aberto,00:15,00:20,5,23:04,00:20,01:16,01:16,###############################################################################################################################################################################################################################################################,,,,,,,,,,,,,,,,,,,,,,,,,,,,,,
#1157047,2/28/2026,KYC/Reembolso,Bárbara,Aberto,00:24,00:31,7,23:29,00:31,01:01,01:01,###############################################################################################################################################################################################################################################################,,,,,,,,,,,,,,,,,,,,,,,,,,,,,,
#1157029,2/28/2026,Erro KYC,Bárbara,Aberto,01:07,01:15,8,23:16,01:15,02:01,02:01,###############################################################################################################################################################################################################################################################,,,,,,,,,,,,,,,,,,,,,,,,,,,,,,
#1157061,2/28/2026,"Financeiro (Depósito, saque e Devolução)",Bárbara,Aberto,01:25,01:26,1,23:54,01:26,02:32,02:32,###############################################################################################################################################################################################################################################################,,,,,,,,,,,,,,,,,,,,,,,,,,,,,,
#1157496,2/28/2026,KYC/Reembolso,Bárbara,Aberto,02:50,03:02,12,01:46,03:04,01:18,,01:04,,,,,,,,,,,,,,,,,,,,,,,,,,,,,,
,,,,,,,,,,00:00,,00:00,,,,,,,,,,,,,,,,,,,,,,,,,,,,,,
#/1157407,2/28/2026,Erro KYC,Bárbara,Aberto,03:53,04:01,8,03:35,04:01,00:26,,00:18,,,,,,,,,,,,,,,,,,,,,,,,,,,,,,
#1157726,2/28/2026,KYC/Reembolso,Bárbara,Aberto,04:07,04:12,5,03:55,04:13,00:18,,00:12,,,,,,,,,,,,,,,,,,,,,,,,,,,,,,
#1157663,2/28/2026,"Financeiro (Depósito, saque e Devolução)",Bárbara,Aberto,04:26,04:44,18,03:29,04:44,01:15,,00:57,,,,,,,,,,,,,,,,,,,,,,,,,,,,,,
#1157593,2/28/2026,Giros,Bárbara,Aberto,04:49,04:51,2,04:26,04:51,00:25,,00:23,,,,,,,,,,,,,,,,,,,,,,,,,,,,,,
#1157774,2/28/2026,Erro KYC,Bárbara,Aberto,05:11,05:17,6,05:11,05:17,00:06,,00:00,,,,,,,,,,,,,,,,,,,,,,,,,,,,,,
,,,,,,,,,,00:00,,00:00,,,,,,,,,,,,,,,,,,,,,,,,,,,,,,
,,,,,,,,,,00:00,,00:00,,,,,,,,,,,,,,,,,,,,,,,,,,,,,,
,,,,,,,,,,00:00,,00:00,,,,,,,,,,,,,,,,,,,,,,,,,,,,,,
,,,,,,,,,,00:00,,00:00,,,,,,,,,,,,,,,,,,,,,,,,,,,,,,
,,,,,,,,,,00:00,,00:00,,,,,,,,,,,,,,,,,,,,,,,,,,,,,,
,,,,,,,,,,00:00,,00:00,,,,,,,,,,,,,,,,,,,,,,,,,,,,,,
,,,,,,,,,,00:00,,00:00,,,,,,,,,,,,,,,,,,,,,,,,,,,,,,
,,,,,,,,,,00:00,,00:00,,,,,,,,,,,,,,,,,,,,,,,,,,,,,,
,,,,,,,,,,00:00,,00:00,,,,,,,,,,,,,,,,,,,,,,,,,,,,,,
,,,,,,,,,,00:00,,00:00,,,,,,,,,,,,,,,,,,,,,,,,,,,,,,
,,,,,,,,,,00:00,,00:00,,,,,,,,,,,,,,,,,,,,,,,,,,,,,,
,,,,,,,,,,00:00,,00:00,,,,,,,,,,,,,,,,,,,,,,,,,,,,,,
,,,,,,,,,,00:00,,00:00,,,,,,,,,,,,,,,,,,,,,,,,,,,,,,
,,,,,,,,,,00:00,,00:00,,,,,,,,,,,,,,,,,,,,,,,,,,,,,,
,,,,,,,,,,00:00,,00:00,,,,,,,,,,,,,,,,,,,,,,,,,,,,,,
,,,,,,,,,,00:00,,00:00,,,,,,,,,,,,,,,,,,,,,,,,,,,,,,
,,,,,,,,,,00:00,,,,,,,,,,,,,,,,,,,,,,,,,,,,,,,,
,,,,,,,,,,00:00,,,,,,,,,,,,,,,,,,,,,,,,,,,,,,,,
,,,,,,,,,,00:00,,,,,,,,,,,,,,,,,,,,,,,,,,,,,,,,
,,,,,,,,,,00:00,,,,,,,,,,,,,,,,,,,,,,,,,,,,,,,,
,,,,,,,,,,00:00,,,,,,,,,,,,,,,,,,,,,,,,,,,,,,,,
,,,,,,,,,,00:00,,,,,,,,,,,,,,,,,,,,,,,,,,,,,,,,